Fodselsnummer,Navn,Fodselar,Postnummer,Postaddressen
C79D1004-A72D-1817-20B2-D0F69E787953,"Booker, Vernon E.",1934,69207,Ap #618-9302 Morbi Av.
F6D8551C-F600-5125-3AFD-47860BB9A20A,"Collier, Tashya Y.",1995,14666,"P.O. Box 598, 1908 In Ave"
4E8BE468-F899-27C1-B0DE-CA1D874A7B9B,"Hines, Blythe N.",1922,27177,3810 Auctor. St.
2B4A2849-4D5D-FC55-96AF-F88022CDB64D,"Jordan, Kevin G.",1936,80335,"P.O. Box 669, 6523 Integer Rd."
E31E64A3-F18D-2146-2148-B8B584413FB1,"Ayers, Sarah O.",1908,78362,5651 In Rd.
3C5B1AD4-A96C-6658-12AE-89DED482F932,"Tate, Kiayada L.",1913,78173,323-3943 Feugiat Avenue
86A5B28A-CBC2-4B97-755C-6F7FFB93A2E2,"Landry, Kylie I.",1920,77831,Ap #112-2538 Penatibus Ave
E2EED817-B095-92A4-39C0-561C9AB19508,"Hernandez, Wynne J.",1969,09487,281-5918 Bibendum St.
8DE18A32-03A8-31DB-9AE1-262B9875A473,"Finley, Ina S.",1947,58254,Ap #254-3741 Sed St.
F7F907FB-B7EE-E29F-A706-FA591FC37177,"Baxter, Janna O.",1907,48075,Ap #506-6409 Dictum Avenue
FA20AE32-FB98-2A11-A5C1-757C8BB201BF,"Alvarado, Shad K.",1989,02641,241-2904 Enim Street
17FDFB91-BADB-6ACC-6052-F7623C6A6838,"Griffith, Chaney Z.",1972,25791,3361 Lobortis. St.
994D5B7C-3B43-DA2C-9463-3C4CE1C04F2E,"Pruitt, Heather Z.",1985,90669,Ap #212-8523 Vivamus St.
BBE9DBA2-BC05-2C43-008F-10BBB4FA37CF,"Macias, Nero C.",1907,27290,Ap #701-5529 Rutrum Av.
EDA92A35-1055-BD62-0A4F-FC1186354443,"Roman, Tana G.",1941,12192,"P.O. Box 798, 3423 Nibh St."
0EF2765D-AA1D-CFA0-8AA2-B9176854981A,"Rose, Ariel X.",1949,06609,"4122 Vitae, Ave"
0CA732D7-C597-CA3B-1673-252A3D392712,"Olsen, Price L.",1942,17178,6455 Euismod Rd.
29A66EF9-51C9-D70C-FE7D-6A791DCEA3DC,"Cole, Jocelyn F.",1990,59784,"P.O. Box 480, 3587 At Rd."
A03310FF-B2D8-F5B3-BD06-09A18EF8144C,"Warren, Kameko K.",1934,17625,2823 Id St.
E47726F4-B40F-CF55-EB90-F528C7C0D76B,"Copeland, Shelby X.",1953,93212,Ap #497-3350 Tempus St.
7593D54A-DA68-896C-CAC3-EB62FF501818,"Rivera, Marsden T.",1925,12942,372-5440 Lacus. St.
8C78CC8D-4A63-42E4-351F-174745AB200A,"Clark, Judith P.",1901,03877,"819-789 Quis, Street"
889DD380-39A1-1DA5-92EE-FB8057558970,"Suarez, Alika A.",1925,74538,"P.O. Box 711, 9199 Vitae Rd."
19671BD9-54A8-5889-F810-391CD9D20E81,"Mcgee, Venus P.",1923,40406,Ap #297-4873 Blandit St.
47921751-5D3D-CC77-3A8F-700D1A3B598A,"Roberts, Brenna D.",1964,41078,158-6306 Luctus. St.
C73E2797-0211-4E4D-F8CF-F8B3CEBBA316,"Fry, Emmanuel V.",1954,12994,324-2308 A Ave
7EE4D9F7-D0E7-5341-29E3-FD830A7C9A60,"Frye, Flavia K.",1973,92803,280-1531 Porttitor Street
8F599C52-7C30-1861-D5D2-21D3A96C4DED,"Hopper, Denise J.",1990,28738,"P.O. Box 613, 7747 Aptent Ave"
B2A5B020-E1DA-5406-19EB-576B63DBD228,"Tate, Ronan Z.",1905,85567,"974-7922 Nec, Ave"
461B9E66-09F5-6D44-E401-2794E78E4748,"Ellison, Hedy L.",1983,09718,"P.O. Box 493, 8990 Urna Rd."
74B5C440-B998-FE04-9EAE-B597691BAD22,"Kirk, Talon X.",1930,78338,Ap #108-185 Euismod Ave
A87029BC-6DF8-B77E-36C8-F3D6976EB5F5,"Good, Jared A.",1914,79835,488-5922 Neque Street
7E415A00-006E-7BE8-CB0B-715B9E27325B,"Sears, Latifah J.",1906,08497,"P.O. Box 546, 5543 Et Rd."
05E94018-3634-F0A3-E17C-DA26A1B60B90,"Morin, Katelyn J.",1924,84287,"Ap #130-9101 Sem, Road"
70121C81-7228-BCE4-8C19-D2AFEF0ACD53,"Gordon, Ila Y.",1955,78810,"P.O. Box 759, 3055 Mollis. St."
3CC1CCC8-A2C8-927C-0871-BADBCE3BF573,"Glass, Debra Y.",1917,90602,"P.O. Box 221, 329 Eget Ave"
C7A95E45-4C87-0E61-0EC5-2F49AF1D1ACD,"Howell, Joan L.",1903,15632,710-6939 Molestie Avenue
5C4FB5DD-FAB1-1288-E346-86FAF9D7F614,"Evans, Hanna Y.",1940,77752,"P.O. Box 611, 6204 Libero Rd."
1EB17986-FAB2-0F1B-1D7D-54BF9172C63D,"Tyson, Whitney T.",1969,17774,Ap #379-4135 Eu Av.
09602874-4E72-360F-F718-8F4AC18ACD6C,"Santiago, Ria N.",1953,41508,8267 Nulla. St.
68729FD5-D323-0FB5-48F7-DAE9734BA881,"Dean, Ali P.",1931,38622,Ap #803-3510 Suspendisse Road
3CBA006B-8FC9-FF3F-02D4-4D86A1DFAB2D,"Lara, Sydnee N.",1902,09821,"P.O. Box 800, 5856 Egestas Street"
B8D23EF2-9A56-23FA-1DD8-BD98CD6B300F,"Best, Selma U.",1986,91489,2452 Semper Av.
2AEE84AB-5BAE-8BA5-C9A7-D7453CDD2F25,"Dominguez, Amela E.",1974,09362,"767-5062 Pellentesque, Av."
ACFD9DAB-DD07-D4A2-38DD-15068775AF04,"Carson, Amos I.",1930,98665,284-4973 Ultricies St.
D6E6E5C8-5DD0-E06C-D687-8CFDBA621CAF,"Hahn, Kyle C.",1988,80760,905-6775 Lorem Rd.
0C7B6ED8-B88E-1E0F-0A30-28EB3815CEEC,"Leon, Hayley C.",1988,16295,Ap #713-6703 Morbi Av.
BF6E7834-6211-893C-FDCD-FADF8C01E1C9,"Larson, Clio O.",1926,36981,"P.O. Box 887, 9390 Nulla Avenue"
A242F44D-6077-30FF-CC1A-B503C4A1405E,"Buck, Marshall D.",1969,78188,"508-2292 At, Road"
0F8D32E7-3466-F88E-E844-01E9E7D83BD3,"Bentley, Haley X.",1991,30335,Ap #834-5970 Ut Rd.
85E6DBF0-7D41-350C-568A-2AE6609A70FF,"Hinton, Shafira G.",1953,93737,737-1686 Mauris Street
A5B1BCB6-3B53-23A5-C0AC-32EA00C49713,"Garner, Reed N.",1954,32025,1531 Sapien. Road
1E82E567-C7B9-401C-109D-48BC3FFDDFCF,"Berger, Elliott T.",1952,09772,669-2598 Consectetuer Avenue
1A349327-2E6F-37BD-EF3D-E30E5F078EEA,"Velez, Cameron D.",1959,42499,"P.O. Box 200, 9751 Elit. St."
630C303B-E257-549A-6325-3A8AD80FC413,"Wilkerson, Azalia T.",1933,05490,273-123 Magna St.
2720F3FC-70FF-2FB4-2348-0C33DAB12A95,"Graves, Nigel B.",1909,24038,"P.O. Box 169, 3881 Egestas Ave"
DA9A45C7-F5D0-131F-8E5F-AB86D5426B83,"Villarreal, Blair S.",1986,38347,Ap #197-8085 Aliquam Rd.
33608B3F-7B3E-D2A3-DD9F-EF1173ECBACE,"Ward, Clinton L.",1940,72300,"P.O. Box 501, 1360 Dignissim. St."
89CFDAC8-4873-B6AB-8016-A6066FF287D0,"Bartlett, Linda Z.",1990,14486,Ap #952-9264 Gravida Ave
557B46ED-EBE0-5E09-B821-8F2D6FBDD0E2,"Sweet, Griffin P.",1926,85539,471-7840 Lorem St.
82AE16BF-6A1B-005C-CC84-141417460439,"Jones, Timon O.",1976,74743,"P.O. Box 809, 3974 Aliquet. Av."
7BF933F3-83CF-1486-7035-AB348EA215D8,"Burks, Seth G.",1931,25786,Ap #861-6717 Felis Av.
B9037A69-0311-1352-5DC9-25FB6CB8D248,"Ramsey, Elaine G.",1908,04622,Ap #178-8190 Commodo Road
B102ECBB-F03B-4FF3-2C37-B4FEA96DF73B,"Swanson, Elmo N.",1991,18939,"P.O. Box 450, 6220 Egestas Rd."
90049629-E548-A20C-C4C6-C84337DADEC7,"Pearson, Samuel P.",1909,62064,715-1669 Pede Avenue
F1E38CD5-BADA-884B-66E9-E87732E29AD9,"Roberts, Priscilla H.",1922,81124,Ap #707-6528 Eget Avenue
F8E2AC54-72D3-E977-42A9-A86AAF0361A5,"Maddox, Liberty G.",1949,66234,"P.O. Box 222, 5646 Volutpat. Av."
59304218-822E-BC7F-2570-6D26CBD07FDD,"Shields, Alden V.",1938,85803,5847 Nam Avenue
2A6E53FD-2CAB-C79F-6EB7-764B81316B08,"Holt, Iola T.",1917,93705,244-7987 Sem Av.
1D49F7B5-3CD9-345D-AEBD-15CC8CE97728,"Campbell, Imani H.",1964,35812,Ap #259-9580 Nullam Avenue
B0D3CCD3-30B9-6DE5-B875-F22A2D014420,"Douglas, Alfonso B.",1987,86164,Ap #129-6911 Velit Av.
F71AAEBC-2FF2-3F64-C88D-A8726F0FF6EF,"Merritt, Abigail O.",1976,12010,5212 Faucibus Rd.
C6035035-7155-1FD0-4328-860D1CF40E1D,"Atkins, Bruce R.",1988,33023,714-7441 Ad Rd.
0261E65F-47C9-9C3D-0475-96CE3484EADE,"Williams, Doris S.",1918,20633,840-4914 Euismod Rd.
258590A7-B758-C536-BE58-5EF8A4CAF541,"Hyde, Risa G.",1963,36984,"P.O. Box 779, 2783 Proin Rd."
FA19ED4E-28FD-5713-8DC2-FE77339644F4,"Terry, Alexander W.",1983,07551,389-7388 Quisque Street
F5428D9D-2811-80F6-2B7E-85EB538246F3,"Gomez, Denise J.",1983,17077,"P.O. Box 992, 2710 Mollis St."
35588DBC-4BF1-F561-4A5B-FBA410D2E3B1,"Mueller, Aquila C.",1911,92243,"407-3962 Ac, Avenue"
4E95F68D-93F2-4943-F351-192545D9E1E2,"Lamb, Jemima X.",1986,39109,708-1857 Nisl St.
C991E7AC-89F7-075E-816C-C15102624D61,"Campos, Adena I.",1983,07427,962-7875 Nec Rd.
C3CD530A-06B6-7DBE-ADE0-F5781C9F87A5,"Chambers, Imogene Z.",1944,81930,Ap #808-3374 Arcu. Road
25241C4A-3EFD-52DF-47AE-CBFF8FC3CADF,"Davenport, Ainsley D.",1960,16663,"P.O. Box 843, 9660 Aenean St."
F01E80BC-C6AC-5AF7-7746-DF48DF301811,"Woods, Chadwick C.",1974,47937,6928 Erat Ave
24804B05-426C-56E8-1B83-44A6F901C11F,"Arnold, Mark Q.",1917,78905,"P.O. Box 739, 9462 Erat Rd."
5EDCD7DF-3E13-4B3E-15EC-953228429E5E,"Ochoa, Carter Q.",1937,09624,3262 Odio Rd.
D650FA28-8765-A1E4-9810-23A88302B468,"Mack, Quinn Q.",1958,45836,396-5815 Tincidunt Ave
7F6F372F-B887-511B-C3AF-DED82FED33BB,"Newman, Cameron L.",1939,71925,Ap #274-1427 Aptent Av.
F098296F-D9B8-CD33-709D-68A17874A809,"Burt, Macon S.",1959,83339,8810 Mattis. Ave
424CAC04-50EE-A09D-84FA-A89D6B83717B,"Juarez, Phoebe X.",1921,56013,"P.O. Box 844, 1400 Eget Avenue"
800EB923-A9FE-57CD-E0B7-2695B9138760,"Ward, Jamal G.",1949,42851,"P.O. Box 361, 172 Pretium St."
8FDEA6FE-F650-FCF3-D0A8-B11BF78CD106,"Ferguson, Shay T.",1903,04664,3808 Rutrum St.
92A99357-45E6-3217-6BB0-B0A73707F168,"Burns, April W.",1926,26269,Ap #302-8085 Conubia Rd.
47F8FF0E-0774-891C-075E-A3F048D1CA91,"Nash, Kirby C.",1923,43582,145-5616 Adipiscing St.
FF047D54-8F6A-81C0-BC8E-45853F78A78A,"Velasquez, Lee X.",1948,60514,"P.O. Box 899, 4191 A, Rd."
BCDFC477-B012-9001-5309-CA6713D591D4,"Dillard, Melyssa R.",1942,21925,Ap #480-8258 Eu Av.
3864B394-5793-1DE1-90C5-3AB783FBB1AE,"Curtis, Ali I.",1991,71772,"P.O. Box 925, 4763 Cursus Road"
EB67E62A-7C91-DC71-A1AE-46551DFD1FCF,"Heath, Buffy Q.",1923,86522,"P.O. Box 723, 4830 Pellentesque, Road"
49566537-5F60-1DA9-6E9B-CCE751C0F003,"Meadows, Idona B.",1949,52038,"Ap #639-2325 Mauris, St."
8DD02ED3-EE42-8BB9-7829-41C2E8924A1D,"Silva, Tana R.",1975,85179,"7955 Aliquet, Av."
70B9F431-8E25-6031-DEF9-72791056336A,"Erickson, Caldwell D.",1979,69751,6029 Cursus St.
DABCD4D4-F278-036E-3655-0C0888CB9BC6,"Cooley, Kane G.",1985,99316,"Ap #825-5418 Orci, Rd."
4CBD478E-3549-D7D9-855B-5AF862F8ABAE,"Porter, Hasad T.",1973,05719,"P.O. Box 755, 1851 Duis Street"
1BB7DA08-5A7C-128E-72F0-1978087DE200,"Justice, Nathaniel S.",1981,26069,515-512 Malesuada Road
4BDCC63A-56A5-45DF-A534-7EBBCAE1D071,"Simpson, Fletcher N.",1930,42616,9601 Pellentesque Street
ECBB79C4-9465-93D4-5F5C-CB9EE5A75B73,"Vinson, Charity A.",1968,01047,"P.O. Box 287, 7593 Feugiat Ave"
5E93DED4-49B7-1E61-B261-11DA07830A45,"Lott, Steven K.",1976,73496,5898 Lacinia. Rd.
B0EB76F8-13DA-161E-CCFC-28D8819ABBE6,"Chase, Remedios G.",1977,46094,984-2179 Id St.
F7778023-C0A8-DDD0-F945-34D343F1A809,"Becker, Kamal N.",1919,17236,"P.O. Box 125, 4159 Fermentum Rd."
A5AE9A03-30D3-8EB1-1764-E441F544BDB5,"Edwards, Henry V.",1952,17324,"P.O. Box 718, 595 Aliquam St."
A6BAB0E7-EAC1-00E1-5F6A-DE79276ED788,"Conley, Eden P.",1906,20238,"Ap #329-9650 At, Av."
135B6C14-A8D2-6150-770B-3E10C5EFA3DB,"Hoffman, Candace V.",1933,10278,2976 Auctor Av.
75D3BC35-0017-3852-07B1-7898A113A512,"Guy, Veronica K.",1991,51509,"P.O. Box 214, 5148 Nunc Rd."
400E212D-73F2-259E-F4A9-2E6776D82516,"Garcia, Blossom O.",1970,57768,634-9990 Class Av.
3A5B1344-85BE-706B-7D62-24FDBA86FB43,"Walton, Melodie M.",1922,43763,"Ap #482-6914 Vel, Av."
7092A19A-DED3-9CB6-07D9-E1A5C735A401,"Everett, Lee Y.",1983,27354,738-7826 Tempus St.
A817F5C9-9DBE-60D1-E78A-E4F1BB495150,"Johnson, Hoyt O.",1963,85474,"P.O. Box 483, 7667 Dignissim Street"
767813DA-8E08-8601-2447-63CE2E7F797F,"Key, Victor C.",1970,21309,1444 Ad Rd.
59D7757F-EFEE-E600-CCBF-9FBC391CBFB0,"Kline, Leilani B.",1914,37627,"P.O. Box 329, 8395 Phasellus Ave"
8EFB7182-0329-DAAB-AB99-B661344DD605,"Brewer, Abdul T.",1988,90899,840-8514 Mollis Av.
D56E9B36-897E-E7FA-899A-6A716D7D07DD,"Rosales, Elliott J.",1908,69180,4399 Nulla Rd.
657D3FA3-6813-DD9C-D657-9BF41271E585,"Cantrell, Aiko X.",1994,97562,Ap #454-1850 Urna Rd.
05628E36-4CBF-CDDC-AF10-2A22D2156777,"Mccarty, Teagan I.",1993,81331,"P.O. Box 235, 9680 Duis St."
E31C532C-A937-8CC5-9853-06953B50F5FE,"Odonnell, Aristotle W.",1976,87054,866-1450 Urna Road
0014B64B-C4A4-5529-1C88-9E831C7D6D87,"Palmer, Maggie Q.",1924,86948,Ap #275-2742 Turpis. Avenue
87DA347A-2010-ACAA-C070-F893CCAD697F,"Montgomery, Garrett H.",1902,93729,320-1704 Iaculis Rd.
873C4F61-6096-1F06-9146-35401D7A563D,"Miles, Ingrid F.",1962,19810,5430 Nunc Av.
92293F1E-5822-79CA-FD0C-EFF0D2947620,"Morgan, Florence U.",1938,03709,"2089 Eu, St."
51624F7C-5ACE-F7B4-26D6-3A2A480BE203,"Haynes, Jade O.",1927,76628,638-3804 Et Ave
45A8DA3B-D4F2-B6B2-40FC-3A4C008D9BEE,"Hart, Kelly X.",1940,83751,Ap #469-7497 Pretium Rd.
54F5573E-31D4-A32D-DCEA-71470FB0AC3F,"Goodman, Chanda K.",1919,66086,"P.O. Box 939, 7308 Molestie Rd."
32F42B5C-78C9-B1F6-B436-75CDAFFB1D34,"May, Clark D.",1963,53861,344-2085 Magna. Road
A2A7CA78-B5CF-5F97-D764-E131E1965650,"Lambert, Ahmed K.",1987,89346,"9196 Nunc, St."
AF581FF6-647F-4F5F-F445-F909831ECD26,"White, Jarrod X.",1962,09336,Ap #910-1888 Tristique Ave
400D41B0-FD7C-46AB-5088-C4F7662D1246,"Deleon, Donna M.",1939,93717,Ap #221-4163 Tellus Rd.
9410B4EC-723A-672C-6B22-B54231E063A0,"Bell, Philip G.",1937,95370,865-8207 Enim St.
C7DF9C0F-0A09-61C7-0DE1-108C5DD54110,"Allen, Ulla E.",1901,90402,"Ap #374-2772 Nec, Rd."
8DDDAB3F-D4F7-3FAE-0CAB-FED30570DC15,"Cooley, Victoria I.",1967,01761,"P.O. Box 196, 5546 Justo St."
6D972170-D857-78D2-F1AA-6A9A46FBDF14,"Parrish, Nevada Y.",1965,42572,663-8211 Consectetuer Avenue
7911D718-50AA-C55B-17BB-20D4DC8AD724,"Hernandez, Derek W.",1973,19663,9429 Cursus St.
C109D84A-07F0-B5E7-D596-65AC6B5079B3,"Sexton, Petra M.",1972,44150,180-572 Erat Street
A6C11119-ADD4-9ABE-CE35-F897C5C5A745,"Holloway, Amena Y.",1928,11350,311-7394 Proin Street
BA170DCA-51F2-2624-FB06-1161E5D97F42,"Mosley, Griffin Q.",1912,55743,"P.O. Box 824, 9364 Sed, St."
16C0C9A4-9E73-41D7-8211-6DD1BCB5CCFE,"Whitaker, Porter Y.",1922,42552,Ap #913-9747 Vitae Ave
913BD062-D22C-5EB5-4484-C378F7B4AFA4,"Wilkerson, Thane Y.",1936,52946,516 Malesuada Ave
02CFA834-8E99-D88B-F978-DF7F3C7B9209,"Matthews, Regina X.",1988,30752,"P.O. Box 291, 2824 Luctus Avenue"
C46F0DA9-0A34-7C3C-9694-2FD8F2C8E9FA,"Middleton, Griffith X.",1929,82877,961-2992 Est. Rd.
B3DA5934-32F1-89FB-D7FC-272A34A4009B,"Henderson, Igor O.",1921,25296,739-1496 Sociis Road
728A63F7-3936-F9E0-3B3F-783DC3F82F79,"Evans, Yetta N.",1902,68277,337-9959 Arcu Street
F92C65CF-8B62-C664-8A3E-76B42612D21C,"Lucas, Dale F.",1916,29381,7051 Nec Av.
BB2FE810-6322-06B3-F050-0E4CEED621DE,"Trevino, Yetta S.",1955,21095,6349 Nonummy. Ave
C99A760A-8D95-D705-7C4B-B5F0165E3ABF,"Mcintyre, Eugenia S.",1949,97829,805-4576 Fames Street
5837E852-2115-6B11-565D-6D3C7EBDE403,"Neal, Clementine T.",1968,63259,636-7253 Mattis. Road
C0E3F91D-E11B-5B70-C6ED-51515E11CF28,"Rich, Arden Z.",1968,08809,Ap #349-5742 Elit. Rd.
4A8A8AC5-9ED9-FA9A-7637-57B030754BD8,"Deleon, Halee X.",1962,88599,Ap #770-3247 Inceptos Street
369670BB-C842-E80E-8486-5C50AE4E9E7C,"Cooper, Arsenio U.",1902,92690,Ap #847-5521 Lorem Avenue
A9B47F21-DAE3-B1FC-07B7-4BC9C171EBB8,"Schroeder, Hiram U.",1910,95848,"147-2762 A, Road"
283C4436-3F1C-4791-D9F1-3C78BDAAB81E,"Nichols, Fallon J.",1934,99268,3902 Eleifend. Street
EC7AA255-A64B-BE15-DD2A-BCB0EE3A079F,"Montoya, Barbara W.",1959,87888,253-1724 Magna. St.
5A5498FA-0894-A33E-37C9-F6A621BCAA00,"Fitzgerald, Hamish W.",1923,92935,765-4313 Iaculis St.
8C5BD078-A88F-EDDD-05CD-714D9957A762,"Stephenson, Nerea C.",1989,25971,531-3103 Aliquam Road
F62CFB17-59D8-E96F-4B9A-9CF4C1DC92A8,"Fox, Ria P.",1968,36381,1583 Donec Ave
467084D2-77B0-4FAC-6BA7-A162E4E7D591,"Cardenas, Aretha I.",1948,40809,Ap #842-9089 Sem Avenue
46F3BEA8-44A0-5C5A-CD73-F4F1C8AEBBB0,"Davidson, Naomi V.",1932,94741,"P.O. Box 517, 5575 Lorem. Ave"
0FC1B4CA-0760-9146-A2C7-5C5D9902AAFA,"Reilly, Nolan J.",1954,83810,2394 Aliquam Rd.
90A3AA64-55FE-0B40-3403-B1C37C6F81C1,"Fuller, Idona T.",1994,50094,Ap #401-9796 Orci. Rd.
5EDCB3B3-4856-EA2F-5366-3B8E4BD3EFC4,"Barry, Lucius P.",1907,70309,Ap #639-1730 Adipiscing St.
142F9DCC-CC90-B314-0D22-25A524962204,"Dickson, Chester B.",1979,78121,6712 Nibh St.
4756CFCF-1D38-0791-87E5-FDD9DA4A91BD,"Eaton, Armand I.",1905,08884,Ap #990-8094 Curabitur Rd.
BBA49493-EAEB-3009-01D1-F6CD51DDDCA9,"Sykes, Garrett C.",1900,02185,2997 Ultricies Avenue
33394072-D2B5-7962-1BB4-0FA44A8A8F0C,"Guzman, Constance K.",1962,43512,374-9890 Lectus Road
A5EEA874-065D-983F-D08E-0D68B42AD8E8,"Hess, Raymond M.",1926,85102,8729 Faucibus Rd.
4C0F02AE-B868-5D0A-BC00-E4E8AC013697,"Hodge, Luke G.",1932,87331,Ap #462-8753 Euismod Av.
E049C4BF-B57E-EE2B-F438-D4834151C7DB,"Gardner, Berk G.",1976,01465,133-6144 Ac Avenue
799CBEE7-5B3C-D803-944E-F538730F714F,"Powers, Summer J.",1936,02036,Ap #254-267 Duis Street
04C77D7F-ECE9-AAF6-4C8A-D8D5837CE80E,"Harris, Rogan H.",1975,68130,Ap #995-3901 Vivamus St.
BB913C80-B009-DDF1-8D50-782B54672A4D,"Wall, Stone Q.",1960,82561,1035 Est Street
550B963C-07A6-5900-0B69-66F067134389,"French, Kyla E.",1965,46357,Ap #992-4846 Enim Road
2C983AC7-E517-E69D-E8ED-2424C88E4476,"Wolfe, Amethyst H.",1992,59095,"P.O. Box 514, 3395 Pellentesque Street"
13ADB3CF-7369-45D0-2994-6A5A54C90DF2,"Wooten, Marny S.",1968,77618,"P.O. Box 710, 9161 Orci. St."
937E7378-17A1-1ACF-6746-82BFE094E707,"Hebert, Jennifer E.",1979,76300,771-3081 Lectus Street
AD8AC830-7A0E-5858-4330-98E1897EB2B6,"Bass, Deanna U.",1969,96733,6688 Volutpat. Rd.
8A603EFF-1B61-F6EB-ABF9-91E09AB5A6A2,"Coffey, Basil I.",1974,28298,543-7864 Enim. Street
8481F369-91CB-3F03-144E-F8A1B2E99402,"Dillon, Lacey N.",1901,12186,"P.O. Box 230, 4941 Ultrices Ave"
6087BB54-5957-3EBB-A5D0-2C2193489C60,"Jenkins, Wade N.",1973,61379,986 Mollis. Avenue
FEC9201C-D8CA-7422-1F18-2822A7E2ABCA,"Davenport, Kiona U.",1963,88941,"P.O. Box 210, 3508 Dictum Rd."
258CD6F8-2C2C-459E-B259-76F196CD0F22,"Welch, Merrill C.",1957,35483,Ap #302-4858 Pellentesque Road
9643D00D-03F4-DF6F-D038-C38ED6B892C3,"Irwin, Amal K.",1909,96267,"P.O. Box 630, 8874 Magna. Avenue"
017E8361-635F-3D65-5961-DDA0A3070A00,"Walls, Joshua F.",1908,52172,"P.O. Box 824, 5738 Lacus. Rd."
59EFDF6D-97E5-ED9A-3ECC-9D925A063F58,"Levy, Emerson K.",1968,33157,Ap #530-1164 Aliquam Av.
9A7F4868-8B11-0985-8C3F-F740445F0659,"Mason, Rowan I.",1927,92831,"P.O. Box 822, 9781 Diam Street"
C5409909-F520-2C58-B256-1529C3B18B55,"Guerra, Madaline Q.",1933,98879,"Ap #525-895 Ac, Ave"
167EA2F3-D58E-EE82-4B60-1AF3351F25C4,"Copeland, Daphne K.",1922,31273,"P.O. Box 615, 4238 Sem, Avenue"
A6BECCDF-1A3D-E644-9D81-0A82528C3F4D,"Prince, Alea E.",1936,16251,"P.O. Box 723, 6149 Eu Road"
F911F39B-6904-F001-D93C-D89F496A8427,"Love, Darryl V.",1978,51923,420 Dolor St.
9EAD8180-5B83-F017-3A5E-489EC6696B4F,"Smith, Zachery E.",1946,15975,Ap #295-7996 Ac Ave
A7884FFE-5B25-5238-39BA-B74D30637521,"Odom, Nevada C.",1905,42417,"7520 Placerat, St."
68CA93E0-8126-CD86-876E-AC905D98CD73,"Travis, Daniel Y.",1961,69031,611-2422 Viverra. Ave
500BEA4B-7BEC-FDB6-AB59-EB4F968FF0F5,"Bender, Abra Z.",1941,80991,"P.O. Box 871, 1370 Nullam Ave"
8F425D15-D0AE-0BEB-09C1-2A2A49BB66FF,"Cabrera, Dustin S.",1961,36006,"670-4569 Et, St."
7A3C4E7B-57AB-BC6D-06D4-0B9689CF548C,"Mccarty, Pascale F.",1911,20926,834-9954 Curabitur Street
E2B1302F-A4C2-884C-1FE5-904A94A1DE6B,"Sherman, Bruce G.",1922,56126,"P.O. Box 599, 256 Mollis Avenue"
94829346-1B22-D06F-0AD5-BD252C06514F,"Burt, Riley Y.",1913,02830,Ap #380-6276 Aliquam Av.
A07CD733-872E-44D4-A36C-CBC56CED9CF4,"Bauer, Herman R.",1901,43115,"Ap #752-9873 Enim, Avenue"
688D46AE-3A20-03BE-7942-992DB7B12748,"Graves, Ryan H.",1982,28379,"P.O. Box 237, 2797 Nisl Avenue"
6632DE3F-6875-5DA9-ED18-393CCCD9A0F1,"Cooke, Charlotte H.",1923,01463,"Ap #300-5790 Et, Ave"
A347010B-20C9-3FE5-62D6-DBC72BF8CF07,"Talley, Felicia F.",1910,42497,Ap #539-9821 Et Road
1284E7CB-6D29-20D9-0C20-65306D0937B5,"Mullins, Dana O.",1940,99596,Ap #162-5850 Nulla Street
8BDE8E8C-5320-7C92-4E58-51FDBF502DDA,"Mcdaniel, Maite E.",1968,42124,Ap #640-179 Semper Road
A6B81BD2-EBF8-5928-148F-AAD7947CAC84,"Saunders, Dennis H.",1948,19831,4641 Nulla Av.
88EF126E-D261-5AFA-AA18-17FE7938729F,"Terrell, Jordan T.",1995,64843,5993 Adipiscing Av.
FE27760E-89D3-1BFC-0947-AE457BBA49F4,"Patel, Brett Y.",1965,26540,Ap #609-4524 Eu Av.
53CDF783-1788-9371-E533-F7A6BDE84DFA,"Kirkland, Raphael B.",1951,78036,306-1967 Risus. Road
DD29A01F-E19F-E102-2589-17A2ED1A3451,"Osborne, Keane S.",1926,03348,"P.O. Box 477, 1899 Velit St."
0CFEA18D-5EF6-6A2F-7C66-1D37330EC2CC,"Morgan, Phoebe P.",1954,86492,460-9919 Turpis. Av.
A31D71C3-49F3-59C2-C44C-BE3C9A6186A2,"Baird, Phillip C.",1979,14104,"P.O. Box 731, 4251 Eros Road"
00BDA54B-DB60-5207-0EC1-4060E8E9E00F,"Santiago, Orson T.",1981,83132,"1131 A, Ave"
584402EF-2EE4-AB0C-C8B9-6BB6C46C980F,"Finley, Devin D.",1909,04978,"P.O. Box 162, 5750 Aliquam St."
FB3B098A-28A3-CE52-16C2-6AE0967098D8,"Ford, Alice I.",1938,10509,Ap #932-4924 Risus Ave
BA340B4A-4138-27DC-4D9A-69CEF07C13FD,"Bray, Dai X.",1962,89835,443-3055 Cras St.
9EC9F461-76E5-A049-6DDE-998C4E5CE8A8,"Cabrera, Jamal L.",1992,35247,"P.O. Box 696, 4167 Dui, Rd."
940E36A1-E5A5-CCC8-45B3-C4C42E2DEE18,"Hanson, Brent K.",1969,55294,869-1559 Cursus Rd.
BA40C32A-11B9-4DFB-503C-5597421817FD,"Summers, Dalton X.",1949,05431,6010 Tellus St.
BD000181-98FA-BD92-E2A1-6D98FC01249D,"Stewart, MacKenzie D.",1940,05512,"P.O. Box 210, 1813 Nam Rd."
4AB47B59-0F72-9544-B79A-B94C21CE9E0E,"Cantrell, Paloma A.",1970,42392,"P.O. Box 620, 8096 Auctor, Rd."
8FDB199A-7A80-6A1D-2A59-BE90CD12CD34,"York, Amanda W.",1943,45440,869-3006 Quis Avenue
CFA9DCB9-9EE6-EE39-8BCC-CF774053EBDA,"Dotson, Kane O.",1963,64120,Ap #359-5484 Dui Ave
1C76DC9B-8664-FAD3-9016-2632E9B2B03D,"Crosby, Moana Q.",1928,91881,"P.O. Box 563, 3855 Morbi Av."
E87D22FD-23BF-DE95-BF5E-AA1FC8EF044F,"Rocha, Ori Y.",1946,73027,215-4109 Adipiscing. St.
313F92EA-6293-E63C-20E2-7EFE92F3BF7E,"Suarez, Nadine S.",1985,78094,"696-1923 Mauris, Av."
8912C157-1C53-73E4-0490-41F9DA184BCD,"Ware, Tana C.",1981,83299,749-7241 Proin Avenue
7365E7E2-3AF8-8E98-3293-1EB3186AEA66,"Petersen, Regina T.",1994,25009,"P.O. Box 296, 8011 Adipiscing. Rd."
DDF1F889-62FD-0C8C-02B8-6A93838807DE,"Wood, Samuel G.",1926,59429,6492 Rutrum Av.
ECE7F70F-EDE3-AE60-53C0-06B9944E87A7,"Underwood, Kiara E.",1933,48768,Ap #252-5267 At Ave
CA1635A2-E2C5-5448-43B2-FC45CCC18F74,"Peters, Lance V.",1994,91870,5164 Interdum Road
FBFB8BD0-B455-D13C-72A0-EDEE54307BA6,"Carpenter, Maggie Z.",1990,39857,"P.O. Box 540, 4273 Eu, Av."
7D9D2CD9-880F-22E7-2F96-508CA8B71A29,"Heath, Paloma P.",1934,90023,671-9568 Vel St.
07FAFA21-44AC-0158-5891-C9F185955785,"Alston, Jonas X.",1952,21072,"924-3944 Purus, Avenue"
32FB891D-1A30-23F4-5FBC-AE367379CA7F,"Patrick, Jessica H.",1913,10446,Ap #608-9897 Turpis. Road
7E3F1A8E-40E1-8969-68CD-E0673466D134,"Duffy, Hoyt D.",1907,81143,Ap #282-8532 Mollis. Rd.
C1B05263-4974-0C61-8676-5FCCDBA38674,"Fernandez, Daquan W.",1908,80388,868-9709 In Road
E0FBC9E4-F697-AD50-86BD-FA24092D77F5,"Bonner, Victoria H.",1938,60625,438-4237 Integer Street
8A09326B-9611-526E-2079-37A5DCFA9761,"Nunez, Hillary H.",1953,06542,"P.O. Box 435, 1304 Pede St."
B859453E-CA0D-0B29-C1D5-2235E0BA49B0,"Meyers, Ariel M.",1955,19250,"P.O. Box 769, 8006 Ipsum. Av."
16DF78AB-25B4-65CC-32FB-804926875BF7,"Hewitt, Rachel P.",1938,83143,"P.O. Box 260, 1530 Metus Rd."
89BB0435-F2D2-E3C3-41AA-2579D0378991,"Robertson, Felicia F.",1928,03430,527-5682 Tincidunt Ave
40410789-11A4-6770-6188-7482BC14BAFF,"Bernard, Dara U.",1954,95514,Ap #514-2564 Aliquet St.
FF3BC4F7-FF7A-387E-2CBD-DC04532FF80F,"Nieves, Drake H.",1969,63770,592-1875 Morbi St.
4C99FB8E-49DD-D816-3EFC-12ADC5A4D681,"Orr, Brenna C.",1954,67562,Ap #682-7483 Aliquam Av.
30D06844-ED50-F02D-42F1-1EC7FF1F08F4,"Frye, Ryan A.",1981,20188,157-1353 Mauris. Ave
3F33E42E-D127-F874-2C89-6D12563FA5BE,"Boyle, Tanisha E.",1933,62246,Ap #522-3076 Duis Rd.
20A55085-AD09-2EA5-1E72-4CA999275508,"Stevens, Miranda R.",1919,21032,9700 Sed Street
C0C59681-CD24-2D2D-89CE-DCD59729F6BC,"Buckner, Jonah C.",1967,49329,6139 Fusce Rd.
F8E90030-6ECE-6E04-83FF-9E9D009B4343,"Schroeder, Bryar U.",1985,62643,"P.O. Box 205, 4386 Feugiat Rd."
68269B2D-F60B-8E7A-E44D-DB243B3F425B,"Case, Jenna H.",1913,07595,551-6078 Sagittis Street
EEB1AE1F-16AC-ED01-123C-51067E51028E,"Barr, Daniel S.",1919,21161,"P.O. Box 420, 8912 Eros. St."
D0F5E56F-7EE8-2E35-0E99-3905A88D4962,"Keller, Gray O.",1915,16253,"P.O. Box 150, 5218 Sed Road"
70419DFE-6510-B896-7184-724C0A3C82B0,"Bruce, William U.",1965,85183,"874-3461 Quis, St."
3523F5F8-8B8B-AA86-B391-FD349B08C1DF,"Cruz, Amery L.",1974,06147,813-5210 Sed St.
61B0DC89-E695-7CCD-0BDE-3875C7130FB7,"Joyner, Ira Y.",1939,29994,"P.O. Box 319, 9763 Orci, Rd."
4159DCA1-DAC4-C3CB-7C49-362157D4862C,"Gilliam, Katell J.",1923,05141,3182 Natoque Av.
EB33208A-7B7F-3C58-CDA8-10093381B139,"Ross, Iola A.",1929,04172,228-2183 Est. Rd.
374CA74C-26FC-3683-EDEE-E0D2F1EA35E6,"Chapman, Caryn M.",1947,36901,2965 Nunc Street
44036FE9-4D01-F39A-AD77-009B2E522C06,"Morales, Ayanna M.",1962,42882,Ap #215-3219 Rutrum St.
709AFEC1-BD7C-E14F-A640-8A5DA5D7C544,"Taylor, Tatiana I.",1902,51331,979-9803 Semper Road
86050637-28C7-FB54-70A0-98508E73E3D6,"Reynolds, Travis Q.",1977,64558,5904 Ultrices Rd.
F6F756A3-A893-75DC-5F4E-D356717C89B7,"Webster, Maris I.",1929,91458,Ap #354-7436 Non Rd.
E106283A-1E21-816A-BF5E-15991F6EA279,"Acevedo, Jonah K.",1907,65711,"824-4303 Nunc, Rd."
08327A02-D7C0-FC7F-F812-B4D0D206DF1D,"Workman, Felix Z.",1995,20012,647-3391 In Ave
BA89D90A-8180-68F6-8130-017B5D7254B1,"Olson, Deborah U.",1994,91849,Ap #368-4234 Fringilla Rd.
E7345B7B-F3CF-77B4-3290-2F3B5EBCCC4B,"Wooten, Jonas R.",1978,74389,Ap #398-6515 Diam. Street
F1E4FA0B-646B-C66F-EC28-E4A81061F34F,"Duke, Chadwick H.",1917,43161,Ap #848-3702 Cras St.
0CE9EFFF-E24E-772C-47C8-13871EED0610,"Monroe, Althea D.",1978,30264,"3777 In, Road"
8F3001ED-15F2-9FCB-F6DE-24B62A65220A,"Nguyen, Dante E.",1994,51974,9758 Sem. Street
E58573BC-5ED0-01B3-643D-237A3DD29EF8,"Serrano, Kyla S.",1932,50499,3880 Lectus. Rd.
12F4FD68-C61F-FEBC-73FE-825F0FD3D88E,"Castro, Kalia P.",1977,55143,"904-6452 Pede, Rd."
CC8DC509-D987-1A16-3382-79196C2579E3,"Bernard, Hunter E.",1933,51192,"P.O. Box 795, 6940 Nam Avenue"
C575B371-A1FE-76FA-216B-CAC89DAB261F,"Foley, Justin L.",1971,17562,1124 Elementum Ave
218AB556-8B78-60CD-B962-7E7DCCED3595,"Woods, Ayanna D.",1971,75484,3142 Ridiculus Road
97454237-7CDE-DD04-2A52-BDAC2F91A984,"Morrison, Rhoda I.",1943,35000,"P.O. Box 400, 3398 Nisl. Rd."
E6815130-AB4B-8E17-CEE5-85C0C89DA598,"Mercado, Cailin C.",1992,88456,499-7509 Feugiat Road
C438DC67-2FFE-29F6-615F-70FCC8E6F5AC,"Franks, Shad M.",1925,80953,780-5288 Donec St.
9E157FC6-563F-486E-35CE-47BD3EDF7C30,"Harris, Fatima D.",1962,69869,Ap #738-2167 Ipsum Av.
1084E535-176C-CCE1-F7A9-338735E9E34F,"Dominguez, Reese E.",1926,15667,997-8329 Mauris Avenue
8CDF03E9-21E1-6B58-DD10-C009CE684FEC,"Rocha, Phyllis T.",1912,45299,8880 Laoreet Ave
3EDCBC33-022D-EE99-D4FE-13142AFE1DB4,"Blevins, Lane K.",1991,63072,5632 Semper St.
19843825-5E90-7B7C-F136-E6C84A0697AA,"Waller, Castor H.",1933,26347,Ap #864-9307 Faucibus Street
7E202D19-6941-A60F-1192-1D39CBDB542D,"Sloan, Dexter J.",1965,16092,5230 Senectus Rd.
8165D312-83FB-7D18-C104-597F39CE4ABC,"Browning, Briar P.",1908,99452,Ap #630-1233 Hendrerit. St.
F0229E1D-9D96-FBF4-EB34-7D1F9636DC8D,"Abbott, Nayda J.",1934,17837,Ap #769-3643 Consectetuer Av.
2CBB3F21-CBE8-6EF0-F23E-FCB96E0B3C76,"Carson, Chelsea V.",1958,02298,Ap #624-1592 Magna. Av.
731D1285-E0B8-3E55-2333-FB99103AAB31,"Tyler, Gail B.",1914,38907,Ap #459-4217 Quis Road
6FF01F4B-90FB-F490-C063-8812852BC603,"Decker, Acton L.",1947,43441,2457 Ut Rd.
779FDBA9-2BC8-B0FB-8140-388960B5F1C6,"Hale, Fredericka J.",1993,41551,880-5085 Mauris Rd.
F0F87F4C-E685-FDB5-EC52-82D0F8354BC3,"Reyes, Quemby E.",1906,09278,6618 Turpis. Rd.
2401C370-E44A-00DC-1C77-37D938DA84AB,"Salas, Maryam H.",1971,09644,742-6928 Ut Road
51D9AB33-FEE7-8BC6-0139-BA26E91E752D,"Holt, Akeem C.",1983,23756,Ap #327-4186 Consequat Rd.
B5B13532-C85A-0512-0C7B-5BD7ABF9AA25,"Hicks, Slade G.",1968,63652,8699 Magna. St.
895244CF-EE4E-CB2F-58F8-39B4505DD1B5,"Knight, Ann A.",1917,63916,"P.O. Box 774, 3430 Magnis St."
2876D8CB-5E7B-9839-D891-BC4BBAB08ACB,"Carpenter, Eden A.",1930,29222,"3641 Ut, St."
6002AC23-6FE8-4181-F44C-723334DDE824,"James, Conan F.",1977,97182,Ap #188-552 A Road
B2798762-48BD-54D3-1279-D9339A119754,"Vance, Roary D.",1978,32471,"4752 Vel, Road"
7370E827-07C9-4BB9-002E-1917C7D25D6C,"Salas, Summer Z.",1928,33580,315-3992 Proin St.
F006D840-D169-3462-B5A2-BE36E0BED2DD,"Dalton, Sigourney Z.",1942,94442,7925 Orci Ave
8DA6E55C-839B-0CA6-4A9E-15AC8A304D3D,"Duran, Todd P.",1934,49154,Ap #247-9781 Lorem Av.
F39BC3FC-8C05-8E91-3370-078E3C23A029,"Gallegos, Patience A.",1927,63889,"2143 Montes, Av."
A89D4C1F-C381-FD1F-2D73-A5C6C857B536,"Donaldson, Rowan E.",1994,27508,Ap #519-7254 Sed Rd.
6A822DAE-3E41-B844-E6B7-0208B922AF30,"Collins, Phillip U.",1956,31356,"598-5523 Aliquam, Rd."
AF159383-3C3D-8692-45F0-5D8E0458C416,"Robbins, Ciaran W.",1959,87870,Ap #245-7801 Luctus Rd.
86A8B017-53EA-6A7D-F870-CF960557F438,"Bender, Tatyana L.",1941,20602,Ap #179-7179 Nisi Rd.
10325895-DDD8-BEFB-1DF7-AE415E851F13,"Glenn, Florence J.",1991,19337,491-6667 Leo. Av.
23C825D4-4F75-5CA2-C5D8-E11544D48DFA,"Coffey, Richard H.",1983,96675,256-2260 Mauris Rd.
B830C8E1-0B1B-DDE1-0FA7-FA357AE17432,"Combs, Ignatius O.",1913,05400,4400 Nec Road
24EAFCB6-0E9D-5C64-D04B-BF6593E2AFAD,"Howard, Kirestin F.",1991,06987,Ap #644-8108 Pretium Ave
6DEB61A8-C939-DC01-12B7-3EA9D42AE125,"Berg, Austin I.",1930,16301,"6171 Ut, Road"
FD28A6B5-5C8B-B9C0-C7FB-C14F0D20A189,"Chandler, Mira Q.",1917,79931,5864 Dapibus St.
8F29C597-7206-D30E-106C-883A8B9E231A,"Dennis, Devin Z.",1909,89465,"P.O. Box 950, 4772 Odio. Road"
ACA2731A-6349-7881-6F15-6821FEE7076B,"Stark, Autumn U.",1956,84094,"Ap #503-7265 Elit, Av."
625613D1-B4CF-5ABA-A25D-DA8185B53B9A,"Bailey, Wesley Z.",1928,94727,"P.O. Box 878, 7853 Feugiat Ave"
27BBC610-2BA0-AA0D-81AA-E826148CD76F,"Pena, Basia U.",1916,80818,616-1446 Eget Rd.
2814DA0A-27A2-86F0-3CBB-36D51D0D868A,"Walters, Moses V.",1948,88654,"P.O. Box 725, 9863 Mus. St."
25F4201A-7A56-544B-4C3C-FEC87D4DAC7D,"Booth, Hunter G.",1933,05541,Ap #646-874 Viverra. St.
17E9426F-FEC0-4D4B-129F-7E3072ED5936,"York, Arthur J.",1941,29882,"Ap #619-9615 A, Street"
1D325613-BB62-B721-B96E-E72879D74C86,"Marsh, Octavius A.",1923,43130,4839 Neque. Rd.
0E3781FC-D728-2B84-6C2C-62D86F5282E8,"Williams, Branden O.",1910,62836,"P.O. Box 286, 1570 Metus St."
24C842BC-4944-B4DE-22E8-B71F9E96E0A0,"Lowe, Inga O.",1917,93035,175-8267 Cras Rd.
DDBC7A6D-8789-CF25-85B5-358C3734A9E8,"Gaines, Maggy X.",1954,23886,"9859 Mauris, Rd."
6AE922DC-BB53-5A1A-6E79-2EA670361587,"Beard, Ivana E.",1927,77822,"593-3861 A, St."
B191995F-AA72-BF3D-81DD-B15C0F758943,"Frazier, Serena H.",1955,99362,6365 Magnis St.
C50D572D-170C-450B-F4C4-005A72DFDD3A,"Howe, Danielle P.",1940,62037,Ap #478-8582 Primis St.
ED794A63-8472-8B92-6392-41B9F5AD37F2,"Pratt, Jesse Q.",1967,64705,6164 Eget Road
D57CB19E-991F-1D93-07D7-DA7D0A5A6F83,"Aguirre, Xantha Z.",1913,18643,"P.O. Box 447, 1619 Elit St."
70C517AB-D941-E31E-4ACF-EC929DA781B0,"Hall, Kieran F.",1907,69629,2226 Consectetuer Street
15BB262A-7EA9-70D7-1C4C-F3663E2E2D74,"Wooten, Chiquita I.",1900,09862,990-4928 At Rd.
481BBFD9-2B06-E464-E94F-AFB2B419964E,"Meyers, Hector Q.",1959,10106,5486 Vestibulum Rd.
A2B56DFF-34D2-A7C0-FF93-485DEB3D6A60,"Henson, Beck E.",1935,42522,Ap #430-3982 Suspendisse St.
8126D634-094D-BB0A-12CC-312B19328F71,"Johns, Lydia X.",1988,31160,Ap #138-4217 Nunc Road
83FAC2C5-2463-DD2E-94EE-CCFEAA3B23FA,"Gamble, Tarik F.",1900,71034,"P.O. Box 892, 6941 Commodo St."
AD498EC3-103B-711B-2336-92ECF7E56FA1,"Patton, Tatum I.",1907,15239,"6190 Scelerisque, Street"
71541D36-3305-0E05-C8FA-1B5290EAFD16,"Perry, Hu B.",1979,55957,7269 Magna. St.
31AD2971-6986-F473-3DB5-578B50DB8A3C,"Montgomery, Travis Y.",1922,94414,856-5434 A St.
F1FA7F82-8365-05FF-C10B-CA088C695005,"Zamora, Violet P.",1945,10976,7455 Eros Ave
603ECA72-B77D-6775-04DC-7A8F74460416,"Frost, Fiona C.",1990,57471,Ap #825-7308 Tellus Ave
97A1BE7B-3928-E79D-4C88-813A24D63C2C,"Sparks, Samuel A.",1993,72627,"P.O. Box 132, 661 Augue Ave"
4706CEDF-B0CF-DAF9-FC8D-B09114CE7F4B,"Cardenas, Eric F.",1973,37989,139-6418 Sodales Ave
0F6133FA-2469-88DC-80A8-F8586C10C75C,"Shaw, Raven R.",1918,91899,Ap #886-4272 Facilisis. Av.
8C2F83F5-A511-2EC1-B24D-E0749D23E8D7,"Hebert, Zenaida W.",1993,83107,643-3981 Tristique Rd.
331D141F-CF71-FDF2-330F-70DACDAB0694,"Cohen, Nora T.",1920,31872,"P.O. Box 792, 9762 Dolor. Av."
8235FD00-4A5E-58A5-D622-A06BEC00458C,"Bush, Ramona M.",1993,37722,"P.O. Box 904, 4259 Sit Street"
BD4AA4AE-92B1-FD99-018E-0517DACB5340,"Norris, Lacota T.",1961,15888,542-5618 Eu St.
E4CBE974-CB5E-4F92-44AC-A34F653BE60C,"Knight, Rhona Q.",1982,36443,255-778 Cursus Rd.
0997ED2D-42AF-F2A5-198C-C9C04F94CEED,"Ferrell, Karen L.",1935,99162,"P.O. Box 720, 1791 Egestas. St."
0BA4B487-375B-F925-07FA-6937D19A8958,"Small, Zeus A.",1934,42669,"P.O. Box 337, 9099 Tellus. Rd."
B5A87430-D892-863C-DB4A-867FCA79B9C7,"Yates, Jada J.",1925,35488,"411-1575 A, Av."
C549FB2B-5F24-62A2-60B2-F8757982F56B,"Gallegos, Murphy Q.",1970,23579,977-1238 Donec Street
3AFB37E2-D5E8-0427-B822-020BCFC7BF0F,"Nunez, Adria W.",1939,43745,Ap #663-9831 Elit. Av.
B24821FE-00DB-0898-1AD0-AAFE96E2F1BA,"Contreras, Addison L.",1946,50390,987-3948 Ut Avenue
C2EAC49F-3AAE-FA16-C3CE-6FCAB3695E81,"Reilly, Ima Y.",1908,13112,4511 Nullam St.
3A3FD982-814A-8093-5726-FF63DD200093,"Carpenter, Serena O.",1967,38905,"P.O. Box 915, 4230 Vulputate St."
B92E7F17-0213-DE56-6126-D10214A7F53A,"Mccoy, Hedley K.",1943,77079,2482 Sed Street
E4C150CD-010B-0756-DF43-C4D63D78E93D,"Wallace, Zia G.",1937,68479,9954 Malesuada Rd.
C85F6C85-5C23-C17C-C8E8-AB53E8A0F4EC,"Roach, Deirdre F.",1904,60071,Ap #234-1916 Tellus Ave
44782F33-F82B-5688-6D0C-EB6B88512E47,"Allison, Odette J.",1901,35306,1058 Dui Av.
5A5E2AF5-84CB-FC1A-F95B-4BB594C5E0F3,"Bush, Eleanor W.",1966,25676,"P.O. Box 918, 5626 Fringilla St."
128B7506-60A1-4CE4-E1C4-0FAC4A830F71,"Rush, Zenia P.",1991,11539,Ap #378-481 Mollis. Road
2297D2BD-12F3-2CC7-9C37-6FACB1174957,"Walls, Wang P.",1931,89786,"733-4274 Eget, St."
BF2604D4-D3B9-2A33-5A52-1B24DA1D5630,"Holloway, Hannah K.",1907,64184,"P.O. Box 238, 5003 At, Avenue"
EC4C759D-CCE2-358D-9341-A6CBA939DC9C,"Manning, Tanner B.",1960,26444,"P.O. Box 353, 8584 Nisi. Rd."
B94538F0-59CE-75FC-8EC8-AFBCAB79052B,"Bowers, Jameson D.",1925,18097,"P.O. Box 731, 119 Vulputate St."
A285DFED-5094-8A67-B9C6-9F8F26E324FC,"Buck, Jessamine H.",1992,01269,"272-9010 Ut, St."
D0A07839-D364-B892-8CF9-713D94FA276F,"Wyatt, Ashely Z.",1945,01807,550-966 Interdum Rd.
6D7F27A4-F147-247C-803F-00286799D333,"Davenport, Nicole F.",1959,26449,"455-3474 Dui, St."
2BB93430-8639-17C4-5465-1F7205C2755A,"Erickson, Alyssa F.",1916,95197,"P.O. Box 143, 8893 Praesent St."
9A1BB67E-ED38-D3D1-9446-2CD2A16F9182,"Terrell, Lucian N.",1932,42884,2203 Sed Avenue
C3BEDC5D-5758-3F6B-FC1E-FB608B3E4AB0,"Whitfield, Isaiah S.",1902,33925,3126 Amet St.
3724FD7E-12A2-F12B-563E-21F2F6CDA99E,"Coffey, Nelle C.",1920,35578,4656 Tristique Avenue
8DEAC579-F02E-2E03-6B30-8DD4ACCB27AA,"Francis, Lillith C.",1950,69686,9296 Mi Ave
1416ED39-FB49-0EE2-DBDB-8C8796BCF1F1,"Langley, Athena H.",1989,77989,8533 Mollis Avenue
332C9D89-E8A4-9298-E765-BECC55B6C61F,"Puckett, Clare F.",1987,79841,"P.O. Box 481, 5734 Suspendisse Road"
2BD818ED-F0D9-39C3-D93A-070A5E3A32B6,"Turner, Kieran X.",1902,27974,Ap #871-9017 Conubia Road
FAB49FED-1A3F-22E4-FA5D-40E67377A189,"Stuart, Dalton J.",1910,87085,"P.O. Box 490, 3035 Penatibus St."
438B6F21-1BBD-E932-667D-DC75F6ECA3EF,"Pate, Jaime X.",1919,81344,Ap #276-9176 Nec Rd.
D22D90A3-483C-0EA7-DBF6-75EDE8AEA5B8,"Fuentes, Shannon B.",1942,80557,623-6409 Sed Rd.
39A1240C-9B41-8A26-9690-F88627A65539,"Pacheco, Shaine D.",1985,92145,643-9339 Dictum Rd.
570C9870-ED37-C13E-3EDF-41D3FC8638E9,"Gilliam, Walter O.",1912,69732,9784 Pede Avenue
33F63CF9-F788-77E0-EAA5-473A64F932C7,"Tanner, Odette P.",1946,76368,799 Risus Road
F976D7F1-AC80-77AF-5E6A-968C35DCD49D,"Davenport, Azalia S.",1946,82437,"P.O. Box 872, 8586 Nec, Av."
73537B13-85D6-3E9E-7DBB-C104EFA0D7D4,"Lee, Buffy D.",1955,28293,9689 Amet Rd.
F43D4ED1-6A61-DF3A-8908-CCAD2C759B48,"Hayden, Kiayada H.",1979,63391,"P.O. Box 423, 1062 Nullam St."
928754EA-E9F7-A7DE-F15C-02CCEE23B904,"Richmond, Keiko B.",1943,24898,"1938 Quis, Ave"
5AF39264-B797-F58C-0485-EA30B11D4F19,"Robinson, Amir E.",1978,67726,"P.O. Box 132, 8463 Augue Avenue"
90342526-53FF-4B17-E969-AD21D9917630,"Gomez, Ingrid O.",1919,14960,986-4035 Lectus Rd.
B588E296-8D7F-4C80-4810-620148AF6C61,"Newman, Vanna B.",1972,59079,Ap #219-4788 Urna Avenue
B0208DFE-A60C-5BD6-F4F1-298DB0D6AD76,"Harris, Mohammad J.",1906,24618,Ap #234-4905 Interdum Road
1B1CBE36-BBC9-62FE-8315-9079DF9E7B28,"Gaines, Denton E.",1949,32173,"P.O. Box 823, 5055 Ut, St."
9DD6D654-27C9-C1BE-94CD-9471AE257991,"Jarvis, Hilel G.",1915,55823,469-4957 Accumsan Rd.
056B390B-29C9-04DD-06E5-B761D52720B2,"Stout, Brock P.",1980,75023,"413-9620 Facilisis, St."
C38A9B1B-BDD1-FBBA-A083-20C954019D86,"Barlow, Aphrodite P.",1967,93851,401-4582 Dui. Rd.
83928D2A-6F2D-03DA-F0E7-011FF7A8DD46,"Leach, Stacy P.",1973,12591,"3447 Pede, Avenue"
51D587D6-42C5-04EB-F2DA-8D61AB970955,"Pace, Carol G.",1968,62163,Ap #847-3535 Et Ave
0CEB8738-18EC-B905-2A3D-177DAE8F2FD3,"Travis, Odysseus H.",1959,56964,Ap #257-4008 Lorem Ave