Fodselsnummer,Epost,Inntekt,Formue
C79D1004-A72D-1817-20B2-D0F69E787953,ante@semperNam.net,"11,889Kr","83,697Kr"
F6D8551C-F600-5125-3AFD-47860BB9A20A,magna@luctussitamet.org,"43,286Kr","1,936Kr"
4E8BE468-F899-27C1-B0DE-CA1D874A7B9B,Aliquam.vulputate@Mauris.co.uk,"41,214Kr","4,991Kr"
2B4A2849-4D5D-FC55-96AF-F88022CDB64D,sit.amet.ultricies@malesuadavel.org,"90,169Kr","09,171Kr"
E31E64A3-F18D-2146-2148-B8B584413FB1,est.ac.facilisis@nequevenenatislacus.ca,"33,045Kr","68,810Kr"
3C5B1AD4-A96C-6658-12AE-89DED482F932,eget.volutpat@Aliquamultricesiaculis.edu,"72,672Kr","07,008Kr"
86A5B28A-CBC2-4B97-755C-6F7FFB93A2E2,mauris.sit@magnaDuisdignissim.net,"43,436Kr","27,377Kr"
E2EED817-B095-92A4-39C0-561C9AB19508,natoque.penatibus.et@metusAeneansed.co.uk,"79,924Kr","50,048Kr"
8DE18A32-03A8-31DB-9AE1-262B9875A473,facilisis.lorem.tristique@magna.edu,"52,725Kr","67,739Kr"
F7F907FB-B7EE-E29F-A706-FA591FC37177,massa@iaculisenim.com,"49,222Kr","96,845Kr"
FA20AE32-FB98-2A11-A5C1-757C8BB201BF,facilisis.facilisis.magna@rutrum.ca,"83,514Kr","46,749Kr"
17FDFB91-BADB-6ACC-6052-F7623C6A6838,varius@egetmetus.ca,"87,637Kr","38,504Kr"
994D5B7C-3B43-DA2C-9463-3C4CE1C04F2E,lorem@sem.edu,"79,037Kr","64,182Kr"
BBE9DBA2-BC05-2C43-008F-10BBB4FA37CF,ipsum@maurisSuspendissealiquet.edu,"15,303Kr","73,185Kr"
EDA92A35-1055-BD62-0A4F-FC1186354443,Sed@Aeneanegetmetus.co.uk,"27,206Kr","32,461Kr"
0EF2765D-AA1D-CFA0-8AA2-B9176854981A,egestas.blandit.Nam@libero.co.uk,"06,143Kr","73,740Kr"
0CA732D7-C597-CA3B-1673-252A3D392712,volutpat.Nulla@in.ca,"02,510Kr","01,503Kr"
29A66EF9-51C9-D70C-FE7D-6A791DCEA3DC,Quisque@Phasellusdolorelit.co.uk,"93,184Kr","57,312Kr"
A03310FF-B2D8-F5B3-BD06-09A18EF8144C,lobortis.quis.pede@montes.net,"33,262Kr","81,708Kr"
E47726F4-B40F-CF55-EB90-F528C7C0D76B,egestas@iaculisquis.org,"18,496Kr","92,469Kr"
7593D54A-DA68-896C-CAC3-EB62FF501818,lobortis@Sed.edu,"53,556Kr","92,940Kr"
8C78CC8D-4A63-42E4-351F-174745AB200A,nunc@eratvolutpatNulla.com,"56,058Kr","96,826Kr"
889DD380-39A1-1DA5-92EE-FB8057558970,laoreet@Pellentesque.edu,"30,807Kr","99,412Kr"
19671BD9-54A8-5889-F810-391CD9D20E81,dignissim@quamelementum.org,"18,707Kr","53,314Kr"
47921751-5D3D-CC77-3A8F-700D1A3B598A,facilisis.facilisis@felisullamcorperviverra.net,"37,031Kr","80,630Kr"
C73E2797-0211-4E4D-F8CF-F8B3CEBBA316,mollis.lectus@duiFuscealiquam.org,"39,539Kr","67,689Kr"
7EE4D9F7-D0E7-5341-29E3-FD830A7C9A60,ac@ametloremsemper.net,"13,736Kr","79,319Kr"
8F599C52-7C30-1861-D5D2-21D3A96C4DED,turpis@magnaPhasellusdolor.edu,"89,016Kr","2,959Kr"
B2A5B020-E1DA-5406-19EB-576B63DBD228,ornare@Morbisit.org,"89,750Kr","17,219Kr"
461B9E66-09F5-6D44-E401-2794E78E4748,tincidunt@nonleoVivamus.org,"60,770Kr","71,860Kr"
74B5C440-B998-FE04-9EAE-B597691BAD22,non.feugiat@ipsum.org,"98,833Kr","14,723Kr"
A87029BC-6DF8-B77E-36C8-F3D6976EB5F5,auctor@accumsan.edu,"48,171Kr","23,995Kr"
7E415A00-006E-7BE8-CB0B-715B9E27325B,euismod.et@Quisque.co.uk,"37,027Kr","98,041Kr"
05E94018-3634-F0A3-E17C-DA26A1B60B90,Donec@necurnaet.com,"13,874Kr","38,951Kr"
70121C81-7228-BCE4-8C19-D2AFEF0ACD53,ultricies@iaculislacuspede.net,"91,849Kr","24,764Kr"
3CC1CCC8-A2C8-927C-0871-BADBCE3BF573,Nunc.ac@vulputate.net,"28,267Kr","44,000Kr"
C7A95E45-4C87-0E61-0EC5-2F49AF1D1ACD,in.tempus@magna.co.uk,"94,002Kr","53,325Kr"
5C4FB5DD-FAB1-1288-E346-86FAF9D7F614,aliquam@maurissagittis.ca,"55,078Kr","00,608Kr"
1EB17986-FAB2-0F1B-1D7D-54BF9172C63D,nisi.dictum@dictummi.edu,"33,494Kr","29,958Kr"
09602874-4E72-360F-F718-8F4AC18ACD6C,commodo.at.libero@pedeultricesa.net,"23,179Kr","28,481Kr"
68729FD5-D323-0FB5-48F7-DAE9734BA881,aptent.taciti.sociosqu@luctusut.net,"83,441Kr","95,585Kr"
3CBA006B-8FC9-FF3F-02D4-4D86A1DFAB2D,natoque.penatibus@lacusvarius.com,"31,190Kr","20,443Kr"
B8D23EF2-9A56-23FA-1DD8-BD98CD6B300F,ipsum.dolor.sit@necante.com,"12,131Kr","74,302Kr"
2AEE84AB-5BAE-8BA5-C9A7-D7453CDD2F25,non.justo@risusDonec.org,"7,942Kr","42,758Kr"
ACFD9DAB-DD07-D4A2-38DD-15068775AF04,In@vehicula.net,"96,579Kr","30,646Kr"
D6E6E5C8-5DD0-E06C-D687-8CFDBA621CAF,massa.Mauris@malesuadafringilla.ca,"75,794Kr","16,688Kr"
0C7B6ED8-B88E-1E0F-0A30-28EB3815CEEC,mollis.non@ultrices.ca,"61,725Kr","31,010Kr"
BF6E7834-6211-893C-FDCD-FADF8C01E1C9,sagittis@quis.net,"15,016Kr","31,759Kr"
A242F44D-6077-30FF-CC1A-B503C4A1405E,amet.ornare@lorem.com,"23,018Kr","22,612Kr"
0F8D32E7-3466-F88E-E844-01E9E7D83BD3,pede@laoreetipsumCurabitur.com,"94,325Kr","66,227Kr"
85E6DBF0-7D41-350C-568A-2AE6609A70FF,aptent@velest.com,"58,685Kr","16,526Kr"
A5B1BCB6-3B53-23A5-C0AC-32EA00C49713,Mauris@placeratorci.net,"11,083Kr","23,330Kr"
1E82E567-C7B9-401C-109D-48BC3FFDDFCF,Donec@necleoMorbi.co.uk,"93,939Kr","94,280Kr"
1A349327-2E6F-37BD-EF3D-E30E5F078EEA,aliquam@eratin.org,"68,455Kr","23,044Kr"
630C303B-E257-549A-6325-3A8AD80FC413,Duis.gravida@Vestibulum.edu,"74,576Kr","94,104Kr"
2720F3FC-70FF-2FB4-2348-0C33DAB12A95,ut.quam@variuset.org,"88,906Kr","14,434Kr"
DA9A45C7-F5D0-131F-8E5F-AB86D5426B83,volutpat.ornare.facilisis@eleifend.org,"71,909Kr","67,455Kr"
33608B3F-7B3E-D2A3-DD9F-EF1173ECBACE,montes.nascetur.ridiculus@Donecvitae.edu,"75,305Kr","57,966Kr"
89CFDAC8-4873-B6AB-8016-A6066FF287D0,magna.Lorem@molestiearcu.ca,"27,234Kr","83,936Kr"
557B46ED-EBE0-5E09-B821-8F2D6FBDD0E2,adipiscing.non.luctus@lobortisClassaptent.edu,"90,355Kr","96,720Kr"
82AE16BF-6A1B-005C-CC84-141417460439,gravida.nunc.sed@sapiengravida.net,"92,475Kr","51,583Kr"
7BF933F3-83CF-1486-7035-AB348EA215D8,aliquet.metus@ultricies.net,"38,405Kr","14,727Kr"
B9037A69-0311-1352-5DC9-25FB6CB8D248,est@malesuada.net,"74,577Kr","12,968Kr"
B102ECBB-F03B-4FF3-2C37-B4FEA96DF73B,posuere.cubilia@egetodio.org,"95,105Kr","52,371Kr"
90049629-E548-A20C-C4C6-C84337DADEC7,orci.adipiscing@necenim.edu,"87,100Kr","18,580Kr"
F1E38CD5-BADA-884B-66E9-E87732E29AD9,sollicitudin.commodo@Loremipsum.net,"82,407Kr","65,411Kr"
F8E2AC54-72D3-E977-42A9-A86AAF0361A5,magna.Duis@Duisat.org,"08,937Kr","74,083Kr"
59304218-822E-BC7F-2570-6D26CBD07FDD,nonummy.Fusce@egetmetusIn.net,"97,613Kr","69,361Kr"
2A6E53FD-2CAB-C79F-6EB7-764B81316B08,sagittis.placerat@dis.co.uk,"46,825Kr","11,285Kr"
1D49F7B5-3CD9-345D-AEBD-15CC8CE97728,Aliquam@Namligulaelit.ca,"75,511Kr","93,930Kr"
B0D3CCD3-30B9-6DE5-B875-F22A2D014420,fringilla.porttitor@molestiein.edu,"31,284Kr","48,989Kr"
F71AAEBC-2FF2-3F64-C88D-A8726F0FF6EF,Ut.tincidunt.orci@eu.co.uk,"55,042Kr","82,443Kr"
C6035035-7155-1FD0-4328-860D1CF40E1D,molestie@vulputate.co.uk,"94,413Kr","75,633Kr"
0261E65F-47C9-9C3D-0475-96CE3484EADE,quam.elementum@sagittissemper.ca,"96,837Kr","77,883Kr"
258590A7-B758-C536-BE58-5EF8A4CAF541,Integer@auguemalesuadamalesuada.ca,"43,789Kr","93,959Kr"
FA19ED4E-28FD-5713-8DC2-FE77339644F4,euismod@a.ca,"97,736Kr","04,095Kr"
F5428D9D-2811-80F6-2B7E-85EB538246F3,erat.neque.non@at.net,"83,351Kr","56,125Kr"
35588DBC-4BF1-F561-4A5B-FBA410D2E3B1,arcu.Aliquam@semperegestasurna.ca,"21,967Kr","91,904Kr"
4E95F68D-93F2-4943-F351-192545D9E1E2,ornare.facilisis@tempuseu.com,"79,058Kr","80,507Kr"
C991E7AC-89F7-075E-816C-C15102624D61,luctus@tincidunt.com,"38,182Kr","24,015Kr"
C3CD530A-06B6-7DBE-ADE0-F5781C9F87A5,commodo@netusetmalesuada.net,"68,553Kr","08,315Kr"
25241C4A-3EFD-52DF-47AE-CBFF8FC3CADF,magna.a.tortor@ultricesDuisvolutpat.ca,"40,729Kr","58,675Kr"
F01E80BC-C6AC-5AF7-7746-DF48DF301811,congue.a.aliquet@sit.edu,"77,285Kr","32,722Kr"
24804B05-426C-56E8-1B83-44A6F901C11F,gravida.Praesent@risus.co.uk,"95,337Kr","95,861Kr"
5EDCD7DF-3E13-4B3E-15EC-953228429E5E,Duis@id.com,"02,666Kr","67,437Kr"
D650FA28-8765-A1E4-9810-23A88302B468,Suspendisse.tristique@mollisDuis.com,"49,599Kr","85,655Kr"
7F6F372F-B887-511B-C3AF-DED82FED33BB,pretium@Aenean.co.uk,"88,744Kr","19,177Kr"
F098296F-D9B8-CD33-709D-68A17874A809,Proin.dolor@Integer.net,"58,216Kr","22,349Kr"
424CAC04-50EE-A09D-84FA-A89D6B83717B,habitant.morbi.tristique@Quisquefringillaeuismod.com,"89,765Kr","30,545Kr"
800EB923-A9FE-57CD-E0B7-2695B9138760,nunc.sed.libero@pellentesqueafacilisis.com,"71,321Kr","55,895Kr"
8FDEA6FE-F650-FCF3-D0A8-B11BF78CD106,fringilla.mi.lacinia@malesuadaInteger.com,"26,869Kr","40,244Kr"
92A99357-45E6-3217-6BB0-B0A73707F168,augue.Sed@acturpis.co.uk,"26,125Kr","77,419Kr"
47F8FF0E-0774-891C-075E-A3F048D1CA91,mi.fringilla.mi@metus.ca,"81,645Kr","11,205Kr"
FF047D54-8F6A-81C0-BC8E-45853F78A78A,parturient@sedtortorInteger.co.uk,"59,819Kr","39,628Kr"
BCDFC477-B012-9001-5309-CA6713D591D4,nonummy.Fusce@Infaucibus.ca,"82,988Kr","67,685Kr"
3864B394-5793-1DE1-90C5-3AB783FBB1AE,nec.cursus@sitamet.co.uk,"69,830Kr","72,176Kr"
EB67E62A-7C91-DC71-A1AE-46551DFD1FCF,semper.pretium@auctor.co.uk,"80,679Kr","94,497Kr"
49566537-5F60-1DA9-6E9B-CCE751C0F003,Aliquam@dictumplacerataugue.edu,"49,607Kr","39,616Kr"
8DD02ED3-EE42-8BB9-7829-41C2E8924A1D,lobortis.risus@etmalesuadafames.co.uk,"98,647Kr","16,409Kr"
70B9F431-8E25-6031-DEF9-72791056336A,nulla.Integer.urna@ultricies.co.uk,"58,336Kr","09,127Kr"
DABCD4D4-F278-036E-3655-0C0888CB9BC6,blandit@mauris.edu,"00,619Kr","66,179Kr"
4CBD478E-3549-D7D9-855B-5AF862F8ABAE,fringilla.Donec@egetipsum.edu,"85,209Kr","68,156Kr"
1BB7DA08-5A7C-128E-72F0-1978087DE200,Quisque.imperdiet.erat@nisinibh.edu,"81,768Kr","61,973Kr"
4BDCC63A-56A5-45DF-A534-7EBBCAE1D071,mi@metus.org,"61,974Kr","04,473Kr"
ECBB79C4-9465-93D4-5F5C-CB9EE5A75B73,montes.nascetur.ridiculus@nisiaodio.edu,"22,679Kr","44,121Kr"
5E93DED4-49B7-1E61-B261-11DA07830A45,arcu.Vestibulum.ante@idante.edu,"53,704Kr","52,433Kr"
B0EB76F8-13DA-161E-CCFC-28D8819ABBE6,Donec@aliquetvel.com,"08,434Kr","89,379Kr"
F7778023-C0A8-DDD0-F945-34D343F1A809,sit.amet.consectetuer@dignissimtempor.co.uk,"18,707Kr","64,713Kr"
A5AE9A03-30D3-8EB1-1764-E441F544BDB5,imperdiet@maurissagittis.org,"73,478Kr","65,129Kr"
A6BAB0E7-EAC1-00E1-5F6A-DE79276ED788,In.scelerisque.scelerisque@aliquamarcu.ca,"87,024Kr","02,788Kr"
135B6C14-A8D2-6150-770B-3E10C5EFA3DB,ut.molestie.in@porttitor.co.uk,"60,841Kr","16,247Kr"
75D3BC35-0017-3852-07B1-7898A113A512,tellus.faucibus@torquentper.net,"78,805Kr","10,008Kr"
400E212D-73F2-259E-F4A9-2E6776D82516,senectus.et@sodalesnisimagna.ca,"13,113Kr","76,258Kr"
3A5B1344-85BE-706B-7D62-24FDBA86FB43,vitae.erat@in.co.uk,"67,412Kr","24,277Kr"
7092A19A-DED3-9CB6-07D9-E1A5C735A401,ridiculus.mus.Proin@sed.net,"00,416Kr","87,820Kr"
A817F5C9-9DBE-60D1-E78A-E4F1BB495150,nibh@eusem.net,"14,019Kr","92,400Kr"
767813DA-8E08-8601-2447-63CE2E7F797F,feugiat.tellus@sitamet.org,"88,289Kr","14,420Kr"
59D7757F-EFEE-E600-CCBF-9FBC391CBFB0,nisi.dictum@neque.co.uk,"59,489Kr","24,542Kr"
8EFB7182-0329-DAAB-AB99-B661344DD605,augue@cursusluctus.com,"74,617Kr","15,780Kr"
D56E9B36-897E-E7FA-899A-6A716D7D07DD,bibendum.sed@non.edu,"90,118Kr","18,311Kr"
657D3FA3-6813-DD9C-D657-9BF41271E585,consectetuer@enimmitempor.org,"40,268Kr","54,020Kr"
05628E36-4CBF-CDDC-AF10-2A22D2156777,nisl.Quisque.fringilla@dapibus.edu,"45,826Kr","28,887Kr"
E31C532C-A937-8CC5-9853-06953B50F5FE,mi@lacus.co.uk,"48,712Kr","71,930Kr"
0014B64B-C4A4-5529-1C88-9E831C7D6D87,tincidunt@estNunc.net,"57,074Kr","41,864Kr"
87DA347A-2010-ACAA-C070-F893CCAD697F,Ut.tincidunt@euismodac.ca,"02,203Kr","18,096Kr"
873C4F61-6096-1F06-9146-35401D7A563D,nisi.dictum@vulputatelacus.ca,"41,533Kr","58,931Kr"
92293F1E-5822-79CA-FD0C-EFF0D2947620,Fusce.aliquam@elit.co.uk,"10,239Kr","43,088Kr"
51624F7C-5ACE-F7B4-26D6-3A2A480BE203,sit.amet@Praesenteu.org,"14,083Kr","71,925Kr"
45A8DA3B-D4F2-B6B2-40FC-3A4C008D9BEE,mi.lacinia.mattis@Nullatempor.edu,"27,400Kr","40,902Kr"
54F5573E-31D4-A32D-DCEA-71470FB0AC3F,auctor@pulvinararcuet.com,"41,659Kr","99,899Kr"
32F42B5C-78C9-B1F6-B436-75CDAFFB1D34,odio@convallis.ca,"66,516Kr","22,971Kr"
A2A7CA78-B5CF-5F97-D764-E131E1965650,dis.parturient@imperdiet.co.uk,"80,611Kr","01,115Kr"
AF581FF6-647F-4F5F-F445-F909831ECD26,felis.ullamcorper@auctornunc.com,"16,328Kr","33,359Kr"
400D41B0-FD7C-46AB-5088-C4F7662D1246,eleifend.nunc.risus@urnaetarcu.org,"82,544Kr","05,586Kr"
9410B4EC-723A-672C-6B22-B54231E063A0,malesuada.fames.ac@tellusNunc.ca,"44,028Kr","15,549Kr"
C7DF9C0F-0A09-61C7-0DE1-108C5DD54110,dolor@diameu.net,"68,831Kr","18,277Kr"
8DDDAB3F-D4F7-3FAE-0CAB-FED30570DC15,ut@gravidanunc.edu,"41,853Kr","36,437Kr"
6D972170-D857-78D2-F1AA-6A9A46FBDF14,sed@purusaccumsan.org,"85,697Kr","83,701Kr"
7911D718-50AA-C55B-17BB-20D4DC8AD724,ipsum@ut.org,"89,658Kr","40,669Kr"
C109D84A-07F0-B5E7-D596-65AC6B5079B3,magna.Nam@rhoncusProinnisl.net,"23,150Kr","57,240Kr"
A6C11119-ADD4-9ABE-CE35-F897C5C5A745,id@in.co.uk,"64,587Kr","59,915Kr"
BA170DCA-51F2-2624-FB06-1161E5D97F42,commodo.auctor.velit@Quisque.ca,"63,210Kr","19,479Kr"
16C0C9A4-9E73-41D7-8211-6DD1BCB5CCFE,tellus.faucibus@Etiam.net,"58,230Kr","23,096Kr"
913BD062-D22C-5EB5-4484-C378F7B4AFA4,nec@egestas.org,"49,787Kr","03,693Kr"
02CFA834-8E99-D88B-F978-DF7F3C7B9209,at.nisi@velitinaliquet.com,"37,039Kr","25,247Kr"
C46F0DA9-0A34-7C3C-9694-2FD8F2C8E9FA,commodo@mattisIntegereu.org,"25,698Kr","78,620Kr"
B3DA5934-32F1-89FB-D7FC-272A34A4009B,dictum@necligulaconsectetuer.com,"57,350Kr","82,743Kr"
728A63F7-3936-F9E0-3B3F-783DC3F82F79,vel@euismodacfermentum.co.uk,"13,654Kr","50,145Kr"
F92C65CF-8B62-C664-8A3E-76B42612D21C,leo.Morbi.neque@nequeNullam.co.uk,"72,012Kr","10,369Kr"
BB2FE810-6322-06B3-F050-0E4CEED621DE,amet@at.org,"84,423Kr","65,588Kr"
C99A760A-8D95-D705-7C4B-B5F0165E3ABF,mi@ornarefacilisiseget.net,"52,939Kr","02,049Kr"
5837E852-2115-6B11-565D-6D3C7EBDE403,a.sollicitudin.orci@Uttinciduntorci.edu,"59,053Kr","41,789Kr"
C0E3F91D-E11B-5B70-C6ED-51515E11CF28,neque@blanditNamnulla.edu,"87,433Kr","18,806Kr"
4A8A8AC5-9ED9-FA9A-7637-57B030754BD8,consequat.dolor@auctor.org,"52,654Kr","02,237Kr"
369670BB-C842-E80E-8486-5C50AE4E9E7C,velit@sedpedenec.ca,"99,331Kr","48,294Kr"
A9B47F21-DAE3-B1FC-07B7-4BC9C171EBB8,eros.nec.tellus@hymenaeosMaurisut.ca,"87,816Kr","80,619Kr"
283C4436-3F1C-4791-D9F1-3C78BDAAB81E,Suspendisse@Donecelementumlorem.org,"61,696Kr","55,625Kr"
EC7AA255-A64B-BE15-DD2A-BCB0EE3A079F,metus@Mauris.co.uk,"72,378Kr","18,647Kr"
5A5498FA-0894-A33E-37C9-F6A621BCAA00,magna@miac.com,"56,014Kr","86,902Kr"
8C5BD078-A88F-EDDD-05CD-714D9957A762,nunc.ac@consequat.co.uk,"38,688Kr","55,731Kr"
F62CFB17-59D8-E96F-4B9A-9CF4C1DC92A8,semper.rutrum@odiotristique.co.uk,"38,456Kr","87,711Kr"
467084D2-77B0-4FAC-6BA7-A162E4E7D591,ut.eros.non@odiovel.edu,"78,272Kr","38,056Kr"
46F3BEA8-44A0-5C5A-CD73-F4F1C8AEBBB0,molestie.sodales@Ut.net,"67,120Kr","12,529Kr"
0FC1B4CA-0760-9146-A2C7-5C5D9902AAFA,vestibulum@Suspendisse.net,"04,281Kr","49,625Kr"
90A3AA64-55FE-0B40-3403-B1C37C6F81C1,felis@quamCurabiturvel.net,"47,851Kr","81,721Kr"
5EDCB3B3-4856-EA2F-5366-3B8E4BD3EFC4,risus.Quisque.libero@cursus.ca,"82,957Kr","11,685Kr"
142F9DCC-CC90-B314-0D22-25A524962204,Mauris@Etiamimperdietdictum.ca,"89,618Kr","87,295Kr"
4756CFCF-1D38-0791-87E5-FDD9DA4A91BD,sed.sem.egestas@vulputateveliteu.edu,"91,357Kr","60,519Kr"
BBA49493-EAEB-3009-01D1-F6CD51DDDCA9,sagittis.felis.Donec@tortoratrisus.net,"17,454Kr","17,827Kr"
33394072-D2B5-7962-1BB4-0FA44A8A8F0C,ligula@malesuadaaugueut.org,"15,326Kr","00,216Kr"
A5EEA874-065D-983F-D08E-0D68B42AD8E8,Proin.mi@tristiquepharetra.com,"85,505Kr","84,859Kr"
4C0F02AE-B868-5D0A-BC00-E4E8AC013697,tempor.bibendum@egestasurna.org,"85,241Kr","31,408Kr"
E049C4BF-B57E-EE2B-F438-D4834151C7DB,varius@pellentesqueSeddictum.net,"36,235Kr","76,601Kr"
799CBEE7-5B3C-D803-944E-F538730F714F,tortor.nibh@netus.org,"20,013Kr","39,638Kr"
04C77D7F-ECE9-AAF6-4C8A-D8D5837CE80E,arcu@elementumategestas.com,"12,657Kr","69,611Kr"
BB913C80-B009-DDF1-8D50-782B54672A4D,diam.dictum.sapien@eudoloregestas.net,"72,178Kr","5,011Kr"
550B963C-07A6-5900-0B69-66F067134389,pede@Donecestmauris.com,"33,594Kr","79,315Kr"
2C983AC7-E517-E69D-E8ED-2424C88E4476,non@milaciniamattis.ca,"54,209Kr","46,149Kr"
13ADB3CF-7369-45D0-2994-6A5A54C90DF2,dolor@etarcuimperdiet.org,"43,847Kr","89,827Kr"
937E7378-17A1-1ACF-6746-82BFE094E707,velit.dui@pedeetrisus.net,"54,531Kr","27,898Kr"
AD8AC830-7A0E-5858-4330-98E1897EB2B6,augue.ut@montes.net,"42,687Kr","77,311Kr"
8A603EFF-1B61-F6EB-ABF9-91E09AB5A6A2,tincidunt.Donec.vitae@Vestibulumanteipsum.org,"53,252Kr","12,166Kr"
8481F369-91CB-3F03-144E-F8A1B2E99402,nibh.Phasellus.nulla@Nullatincidunt.org,"62,818Kr","18,985Kr"
6087BB54-5957-3EBB-A5D0-2C2193489C60,lacus@Inornare.co.uk,"05,694Kr","60,520Kr"
FEC9201C-D8CA-7422-1F18-2822A7E2ABCA,est.ac.mattis@tristique.ca,"19,533Kr","94,112Kr"
258CD6F8-2C2C-459E-B259-76F196CD0F22,turpis.Aliquam.adipiscing@augueac.com,"31,715Kr","83,188Kr"
9643D00D-03F4-DF6F-D038-C38ED6B892C3,In.tincidunt.congue@adipiscing.com,"00,338Kr","85,982Kr"
017E8361-635F-3D65-5961-DDA0A3070A00,pede@pretiumetrutrum.ca,"03,287Kr","31,803Kr"
59EFDF6D-97E5-ED9A-3ECC-9D925A063F58,metus.In.nec@Vivamusnibh.co.uk,"49,052Kr","57,512Kr"
9A7F4868-8B11-0985-8C3F-F740445F0659,dignissim@quisdiamPellentesque.org,"85,454Kr","01,362Kr"
C5409909-F520-2C58-B256-1529C3B18B55,per@eget.com,"01,493Kr","90,764Kr"
167EA2F3-D58E-EE82-4B60-1AF3351F25C4,vitae.velit.egestas@placerataugueSed.net,"60,852Kr","92,360Kr"
A6BECCDF-1A3D-E644-9D81-0A82528C3F4D,Cras.sed@faucibus.ca,"15,533Kr","34,464Kr"
F911F39B-6904-F001-D93C-D89F496A8427,ligula.Aliquam@CurabiturmassaVestibulum.ca,"94,386Kr","30,419Kr"
9EAD8180-5B83-F017-3A5E-489EC6696B4F,In.lorem@sollicitudin.net,"22,330Kr","13,565Kr"
A7884FFE-5B25-5238-39BA-B74D30637521,posuere.enim@mifelis.co.uk,"93,679Kr","06,938Kr"
68CA93E0-8126-CD86-876E-AC905D98CD73,id.ante@necurnasuscipit.co.uk,"07,114Kr","37,093Kr"
500BEA4B-7BEC-FDB6-AB59-EB4F968FF0F5,Aliquam.rutrum@elementumdui.edu,"24,679Kr","97,985Kr"
8F425D15-D0AE-0BEB-09C1-2A2A49BB66FF,dapibus@Curabiturvellectus.com,"79,829Kr","00,460Kr"
7A3C4E7B-57AB-BC6D-06D4-0B9689CF548C,Proin.velit@felispurusac.ca,"50,702Kr","52,217Kr"
E2B1302F-A4C2-884C-1FE5-904A94A1DE6B,magnis.dis.parturient@nonummyFusce.com,"44,533Kr","49,947Kr"
94829346-1B22-D06F-0AD5-BD252C06514F,id.risus.quis@mollisPhasellus.co.uk,"35,725Kr","32,436Kr"
A07CD733-872E-44D4-A36C-CBC56CED9CF4,neque.vitae@vulputaterisusa.edu,"48,300Kr","95,481Kr"
688D46AE-3A20-03BE-7942-992DB7B12748,turpis.Nulla.aliquet@IncondimentumDonec.com,"42,977Kr","12,004Kr"
6632DE3F-6875-5DA9-ED18-393CCCD9A0F1,nonummy@faucibusorciluctus.org,"66,046Kr","72,428Kr"
A347010B-20C9-3FE5-62D6-DBC72BF8CF07,nunc.sed@nec.ca,"41,494Kr","48,217Kr"
1284E7CB-6D29-20D9-0C20-65306D0937B5,lobortis@liberoInteger.edu,"07,591Kr","21,870Kr"
8BDE8E8C-5320-7C92-4E58-51FDBF502DDA,risus.Morbi@blandit.net,"66,495Kr","24,159Kr"
A6B81BD2-EBF8-5928-148F-AAD7947CAC84,vitae.mauris.sit@sociisnatoque.net,"48,452Kr","61,089Kr"
88EF126E-D261-5AFA-AA18-17FE7938729F,metus.In@nibhPhasellusnulla.edu,"08,864Kr","64,691Kr"
FE27760E-89D3-1BFC-0947-AE457BBA49F4,adipiscing.lobortis@liberoMorbi.com,"36,168Kr","47,827Kr"
53CDF783-1788-9371-E533-F7A6BDE84DFA,ipsum.ac@acfeugiat.org,"97,057Kr","10,850Kr"
DD29A01F-E19F-E102-2589-17A2ED1A3451,blandit.congue.In@velvulputate.net,"04,570Kr","43,077Kr"
0CFEA18D-5EF6-6A2F-7C66-1D37330EC2CC,vel.quam@sapienAenean.co.uk,"45,179Kr","41,899Kr"
A31D71C3-49F3-59C2-C44C-BE3C9A6186A2,et.rutrum@sedtortorInteger.ca,"58,295Kr","76,999Kr"
00BDA54B-DB60-5207-0EC1-4060E8E9E00F,Aenean.eget.magna@idante.org,"73,716Kr","44,394Kr"
584402EF-2EE4-AB0C-C8B9-6BB6C46C980F,elit@fringilla.com,"93,997Kr","43,535Kr"
FB3B098A-28A3-CE52-16C2-6AE0967098D8,vel.arcu@Fusce.net,"28,535Kr","29,605Kr"
BA340B4A-4138-27DC-4D9A-69CEF07C13FD,fermentum.risus@egestas.com,"75,784Kr","28,461Kr"
9EC9F461-76E5-A049-6DDE-998C4E5CE8A8,ornare.sagittis@idantedictum.co.uk,"36,482Kr","21,348Kr"
940E36A1-E5A5-CCC8-45B3-C4C42E2DEE18,lectus.Cum.sociis@sempertellusid.com,"9,480Kr","41,713Kr"
BA40C32A-11B9-4DFB-503C-5597421817FD,posuere.cubilia@Nullamvelitdui.org,"57,747Kr","10,960Kr"
BD000181-98FA-BD92-E2A1-6D98FC01249D,ut.cursus@sociosquad.ca,"87,300Kr","93,526Kr"
4AB47B59-0F72-9544-B79A-B94C21CE9E0E,congue.turpis.In@necenim.edu,"37,275Kr","81,711Kr"
8FDB199A-7A80-6A1D-2A59-BE90CD12CD34,Morbi@nisinibhlacinia.edu,"33,146Kr","41,755Kr"
CFA9DCB9-9EE6-EE39-8BCC-CF774053EBDA,leo.Vivamus.nibh@nonbibendumsed.ca,"28,759Kr","04,312Kr"
1C76DC9B-8664-FAD3-9016-2632E9B2B03D,molestie.Sed@gravida.edu,"84,917Kr","09,362Kr"
E87D22FD-23BF-DE95-BF5E-AA1FC8EF044F,blandit.enim.consequat@atvelit.com,"14,196Kr","31,099Kr"
313F92EA-6293-E63C-20E2-7EFE92F3BF7E,facilisis@purussapien.com,"17,729Kr","73,909Kr"
8912C157-1C53-73E4-0490-41F9DA184BCD,arcu.Vestibulum@faucibusid.com,"68,214Kr","17,790Kr"
7365E7E2-3AF8-8E98-3293-1EB3186AEA66,et@utpellentesque.net,"74,171Kr","56,621Kr"
DDF1F889-62FD-0C8C-02B8-6A93838807DE,a@adipiscingfringillaporttitor.com,"66,502Kr","55,400Kr"
ECE7F70F-EDE3-AE60-53C0-06B9944E87A7,Donec.sollicitudin@in.net,"99,117Kr","49,104Kr"
CA1635A2-E2C5-5448-43B2-FC45CCC18F74,ridiculus.mus@duinecurna.org,"86,520Kr","15,311Kr"
FBFB8BD0-B455-D13C-72A0-EDEE54307BA6,Donec@egestas.ca,"65,756Kr","98,887Kr"
7D9D2CD9-880F-22E7-2F96-508CA8B71A29,mi.fringilla.mi@vulputatelacus.net,"56,061Kr","68,000Kr"
07FAFA21-44AC-0158-5891-C9F185955785,cursus.purus@Morbiaccumsanlaoreet.com,"45,885Kr","02,901Kr"
32FB891D-1A30-23F4-5FBC-AE367379CA7F,fringilla@Maurisblandit.co.uk,"06,076Kr","78,732Kr"
7E3F1A8E-40E1-8969-68CD-E0673466D134,a.aliquet.vel@orciUt.net,"37,300Kr","23,750Kr"
C1B05263-4974-0C61-8676-5FCCDBA38674,varius.Nam.porttitor@lobortisnisinibh.com,"18,729Kr","54,842Kr"
E0FBC9E4-F697-AD50-86BD-FA24092D77F5,elit.fermentum.risus@sapienmolestieorci.edu,"00,972Kr","18,832Kr"
8A09326B-9611-526E-2079-37A5DCFA9761,eu.placerat@ametorciUt.net,"86,826Kr","74,832Kr"
B859453E-CA0D-0B29-C1D5-2235E0BA49B0,consectetuer.adipiscing@Curabitur.edu,"51,795Kr","70,133Kr"
16DF78AB-25B4-65CC-32FB-804926875BF7,sit.amet.massa@urnasuscipitnonummy.org,"43,083Kr","35,258Kr"
89BB0435-F2D2-E3C3-41AA-2579D0378991,in.lobortis@auctorquis.edu,"29,741Kr","31,121Kr"
40410789-11A4-6770-6188-7482BC14BAFF,nunc.sed.libero@lobortistellusjusto.net,"42,939Kr","86,115Kr"
FF3BC4F7-FF7A-387E-2CBD-DC04532FF80F,pretium.aliquet.metus@augueutlacus.edu,"15,171Kr","14,467Kr"
4C99FB8E-49DD-D816-3EFC-12ADC5A4D681,Sed.auctor.odio@dignissimpharetra.com,"20,842Kr","67,198Kr"
30D06844-ED50-F02D-42F1-1EC7FF1F08F4,Nunc.sollicitudin@Mauris.edu,"57,780Kr","25,401Kr"
3F33E42E-D127-F874-2C89-6D12563FA5BE,dis@enim.net,"58,161Kr","68,073Kr"
20A55085-AD09-2EA5-1E72-4CA999275508,ac.mattis@enimSuspendissealiquet.ca,"35,810Kr","49,312Kr"
C0C59681-CD24-2D2D-89CE-DCD59729F6BC,libero.Proin.mi@pharetranibh.edu,"99,795Kr","67,214Kr"
F8E90030-6ECE-6E04-83FF-9E9D009B4343,ultrices.Vivamus.rhoncus@Donec.ca,"05,997Kr","64,171Kr"
68269B2D-F60B-8E7A-E44D-DB243B3F425B,cubilia.Curae.Donec@interdumNunc.org,"97,725Kr","26,811Kr"
EEB1AE1F-16AC-ED01-123C-51067E51028E,tellus.Phasellus.elit@a.org,"28,744Kr","67,306Kr"
D0F5E56F-7EE8-2E35-0E99-3905A88D4962,urna@Crasconvallisconvallis.ca,"14,417Kr","15,471Kr"
70419DFE-6510-B896-7184-724C0A3C82B0,blandit.congue@ametconsectetueradipiscing.co.uk,"08,746Kr","14,026Kr"
3523F5F8-8B8B-AA86-B391-FD349B08C1DF,risus.a.ultricies@lobortis.org,"96,031Kr","74,031Kr"
61B0DC89-E695-7CCD-0BDE-3875C7130FB7,tempus.scelerisque.lorem@lectuspede.org,"46,074Kr","04,357Kr"
4159DCA1-DAC4-C3CB-7C49-362157D4862C,fermentum.vel.mauris@hendrerit.co.uk,"30,147Kr","15,380Kr"
EB33208A-7B7F-3C58-CDA8-10093381B139,ornare.tortor.at@Nuncmauris.edu,"86,210Kr","06,542Kr"
374CA74C-26FC-3683-EDEE-E0D2F1EA35E6,ac.nulla.In@massa.com,"07,723Kr","72,831Kr"
44036FE9-4D01-F39A-AD77-009B2E522C06,libero.dui@tempus.co.uk,"04,001Kr","95,721Kr"
709AFEC1-BD7C-E14F-A640-8A5DA5D7C544,a.mi.fringilla@sagittislobortis.co.uk,"30,519Kr","22,351Kr"
86050637-28C7-FB54-70A0-98508E73E3D6,eget.magna@pretiumnequeMorbi.net,"04,601Kr","49,398Kr"
F6F756A3-A893-75DC-5F4E-D356717C89B7,enim@orciDonec.co.uk,"07,592Kr","71,604Kr"
E106283A-1E21-816A-BF5E-15991F6EA279,ipsum.Suspendisse.sagittis@IncondimentumDonec.ca,"11,284Kr","39,303Kr"
08327A02-D7C0-FC7F-F812-B4D0D206DF1D,cursus@adipiscingfringillaporttitor.ca,"97,080Kr","43,919Kr"
BA89D90A-8180-68F6-8130-017B5D7254B1,mauris.a.nunc@aliquamiaculis.ca,"62,682Kr","39,758Kr"
E7345B7B-F3CF-77B4-3290-2F3B5EBCCC4B,luctus@sedorcilobortis.org,"01,160Kr","85,886Kr"
F1E4FA0B-646B-C66F-EC28-E4A81061F34F,urna.et.arcu@Donecelementumlorem.com,"67,777Kr","89,720Kr"
0CE9EFFF-E24E-772C-47C8-13871EED0610,lacinia.Sed@justo.com,"93,415Kr","69,175Kr"
8F3001ED-15F2-9FCB-F6DE-24B62A65220A,consequat.purus.Maecenas@idnunc.net,"39,555Kr","44,933Kr"
E58573BC-5ED0-01B3-643D-237A3DD29EF8,Integer@sedorcilobortis.co.uk,"07,146Kr","14,998Kr"
12F4FD68-C61F-FEBC-73FE-825F0FD3D88E,non.enim.Mauris@magnaatortor.com,"27,648Kr","92,640Kr"
CC8DC509-D987-1A16-3382-79196C2579E3,leo.Morbi@apurus.ca,"68,875Kr","44,148Kr"
C575B371-A1FE-76FA-216B-CAC89DAB261F,cursus@neque.com,"27,867Kr","93,095Kr"
218AB556-8B78-60CD-B962-7E7DCCED3595,Fusce@velarcu.net,"67,010Kr","53,739Kr"
97454237-7CDE-DD04-2A52-BDAC2F91A984,nec.ante.Maecenas@euismodindolor.org,"22,199Kr","22,896Kr"
E6815130-AB4B-8E17-CEE5-85C0C89DA598,a.neque@mauris.net,"81,382Kr","16,517Kr"
C438DC67-2FFE-29F6-615F-70FCC8E6F5AC,Suspendisse@estvitae.com,"89,165Kr","15,551Kr"
9E157FC6-563F-486E-35CE-47BD3EDF7C30,mollis.dui.in@miac.com,"91,101Kr","82,745Kr"
1084E535-176C-CCE1-F7A9-338735E9E34F,auctor.quis@disparturient.net,"91,261Kr","26,828Kr"
8CDF03E9-21E1-6B58-DD10-C009CE684FEC,congue.In.scelerisque@fringillaeuismod.org,"16,676Kr","92,046Kr"
3EDCBC33-022D-EE99-D4FE-13142AFE1DB4,Nulla.semper.tellus@elita.net,"10,265Kr","20,173Kr"
19843825-5E90-7B7C-F136-E6C84A0697AA,enim.Suspendisse@arcuCurabiturut.com,"74,122Kr","46,476Kr"
7E202D19-6941-A60F-1192-1D39CBDB542D,quis@magnased.org,"16,373Kr","17,089Kr"
8165D312-83FB-7D18-C104-597F39CE4ABC,neque.Morbi.quis@massaVestibulumaccumsan.net,"08,945Kr","93,530Kr"
F0229E1D-9D96-FBF4-EB34-7D1F9636DC8D,a@auguemalesuada.edu,"51,357Kr","46,643Kr"
2CBB3F21-CBE8-6EF0-F23E-FCB96E0B3C76,eget.ipsum@ultricesposuere.net,"44,333Kr","17,070Kr"
731D1285-E0B8-3E55-2333-FB99103AAB31,eget.nisi@felispurus.ca,"18,994Kr","32,585Kr"
6FF01F4B-90FB-F490-C063-8812852BC603,est@loremlorem.org,"32,142Kr","51,106Kr"
779FDBA9-2BC8-B0FB-8140-388960B5F1C6,at@risusMorbimetus.org,"56,230Kr","91,428Kr"
F0F87F4C-E685-FDB5-EC52-82D0F8354BC3,malesuada@Utsagittislobortis.org,"54,570Kr","22,697Kr"
2401C370-E44A-00DC-1C77-37D938DA84AB,vitae@semper.co.uk,"86,676Kr","69,960Kr"
51D9AB33-FEE7-8BC6-0139-BA26E91E752D,sollicitudin.a.malesuada@diameudolor.com,"55,370Kr","15,081Kr"
B5B13532-C85A-0512-0C7B-5BD7ABF9AA25,Integer.sem@semperpretiumneque.ca,"12,680Kr","99,887Kr"
895244CF-EE4E-CB2F-58F8-39B4505DD1B5,gravida@ligulatortordictum.co.uk,"91,764Kr","82,806Kr"
2876D8CB-5E7B-9839-D891-BC4BBAB08ACB,Morbi.vehicula.Pellentesque@Aliquamtinciduntnunc.net,"24,518Kr","64,209Kr"
6002AC23-6FE8-4181-F44C-723334DDE824,in.lobortis@Morbiquis.com,"91,627Kr","58,417Kr"
B2798762-48BD-54D3-1279-D9339A119754,felis.purus.ac@sodalesatvelit.com,"99,121Kr","75,866Kr"
7370E827-07C9-4BB9-002E-1917C7D25D6C,feugiat.placerat@Curabitursedtortor.com,"44,657Kr","33,270Kr"
F006D840-D169-3462-B5A2-BE36E0BED2DD,Cras@nonluctussit.co.uk,"33,794Kr","15,500Kr"
8DA6E55C-839B-0CA6-4A9E-15AC8A304D3D,mattis.semper@venenatisvel.com,"63,292Kr","30,286Kr"
F39BC3FC-8C05-8E91-3370-078E3C23A029,Fusce@erosProinultrices.co.uk,"27,922Kr","61,574Kr"
A89D4C1F-C381-FD1F-2D73-A5C6C857B536,a.tortor.Nunc@dolor.net,"76,998Kr","15,947Kr"
6A822DAE-3E41-B844-E6B7-0208B922AF30,sed.est@In.edu,"81,887Kr","43,660Kr"
AF159383-3C3D-8692-45F0-5D8E0458C416,Nullam.enim@Maecenasmi.ca,"79,769Kr","37,462Kr"
86A8B017-53EA-6A7D-F870-CF960557F438,Integer.in.magna@anteMaecenasmi.net,"93,800Kr","15,145Kr"
10325895-DDD8-BEFB-1DF7-AE415E851F13,nec.leo@enim.net,"43,456Kr","89,346Kr"
23C825D4-4F75-5CA2-C5D8-E11544D48DFA,eu.erat@tellus.net,"48,723Kr","78,086Kr"
B830C8E1-0B1B-DDE1-0FA7-FA357AE17432,pretium.et@SuspendisseeleifendCras.edu,"34,089Kr","41,410Kr"
24EAFCB6-0E9D-5C64-D04B-BF6593E2AFAD,mauris.blandit@accumsansed.ca,"42,824Kr","68,622Kr"
6DEB61A8-C939-DC01-12B7-3EA9D42AE125,mauris.a@Integervulputate.ca,"19,174Kr","92,153Kr"
FD28A6B5-5C8B-B9C0-C7FB-C14F0D20A189,a@porttitorvulputateposuere.org,"36,957Kr","14,225Kr"
8F29C597-7206-D30E-106C-883A8B9E231A,in.magna.Phasellus@tristiqueneque.com,"07,950Kr","84,645Kr"
ACA2731A-6349-7881-6F15-6821FEE7076B,lectus.convallis.est@imperdiet.co.uk,"71,613Kr","76,930Kr"
625613D1-B4CF-5ABA-A25D-DA8185B53B9A,eget.varius@elementumpurusaccumsan.com,"35,986Kr","02,799Kr"
27BBC610-2BA0-AA0D-81AA-E826148CD76F,luctus@ullamcorpereu.ca,"83,786Kr","04,911Kr"
2814DA0A-27A2-86F0-3CBB-36D51D0D868A,aliquet.odio.Etiam@nullaIntegerurna.net,"63,310Kr","87,893Kr"
25F4201A-7A56-544B-4C3C-FEC87D4DAC7D,quis.tristique.ac@apurusDuis.ca,"50,001Kr","20,822Kr"
17E9426F-FEC0-4D4B-129F-7E3072ED5936,Maecenas.iaculis.aliquet@metus.org,"69,105Kr","21,197Kr"
1D325613-BB62-B721-B96E-E72879D74C86,arcu.et@nibhdolor.edu,"07,100Kr","52,996Kr"
0E3781FC-D728-2B84-6C2C-62D86F5282E8,Quisque.imperdiet.erat@feugiatSed.net,"01,434Kr","02,475Kr"
24C842BC-4944-B4DE-22E8-B71F9E96E0A0,quam.Pellentesque.habitant@massaMaurisvestibulum.com,"05,963Kr","65,161Kr"
DDBC7A6D-8789-CF25-85B5-358C3734A9E8,turpis.egestas@Maecenas.ca,"25,500Kr","82,332Kr"
6AE922DC-BB53-5A1A-6E79-2EA670361587,Aliquam.tincidunt.nunc@cursus.edu,"38,120Kr","75,531Kr"
B191995F-AA72-BF3D-81DD-B15C0F758943,enim.condimentum.eget@odioPhasellus.co.uk,"50,001Kr","00,586Kr"
C50D572D-170C-450B-F4C4-005A72DFDD3A,sociis@atlacusQuisque.com,"59,907Kr","87,850Kr"
ED794A63-8472-8B92-6392-41B9F5AD37F2,vel@loremutaliquam.com,"76,385Kr","37,555Kr"
D57CB19E-991F-1D93-07D7-DA7D0A5A6F83,dictum.magna@tinciduntduiaugue.co.uk,"01,341Kr","92,000Kr"
70C517AB-D941-E31E-4ACF-EC929DA781B0,mi.eleifend@NulladignissimMaecenas.com,"26,489Kr","60,261Kr"
15BB262A-7EA9-70D7-1C4C-F3663E2E2D74,nec.quam.Curabitur@urna.ca,"06,330Kr","49,079Kr"
481BBFD9-2B06-E464-E94F-AFB2B419964E,adipiscing.enim.mi@Morbi.net,"40,858Kr","21,941Kr"
A2B56DFF-34D2-A7C0-FF93-485DEB3D6A60,fringilla.porttitor@massaSuspendisse.ca,"00,226Kr","12,827Kr"
8126D634-094D-BB0A-12CC-312B19328F71,erat.semper@congueInscelerisque.com,"82,804Kr","81,940Kr"
83FAC2C5-2463-DD2E-94EE-CCFEAA3B23FA,elementum@orcilobortis.com,"30,007Kr","64,644Kr"
AD498EC3-103B-711B-2336-92ECF7E56FA1,Maecenas@sapienNuncpulvinar.com,"01,858Kr","96,712Kr"
71541D36-3305-0E05-C8FA-1B5290EAFD16,erat.semper.rutrum@sedhendrerita.org,"58,898Kr","78,837Kr"
31AD2971-6986-F473-3DB5-578B50DB8A3C,Sed@ornareelit.ca,"22,501Kr","99,641Kr"
F1FA7F82-8365-05FF-C10B-CA088C695005,magna.a.neque@convalliserat.org,"84,286Kr","56,394Kr"
603ECA72-B77D-6775-04DC-7A8F74460416,in@Quisquepurussapien.net,"70,584Kr","69,655Kr"
97A1BE7B-3928-E79D-4C88-813A24D63C2C,Aliquam@nonummyacfeugiat.net,"27,260Kr","95,147Kr"
4706CEDF-B0CF-DAF9-FC8D-B09114CE7F4B,senectus.et.netus@non.org,"90,349Kr","27,576Kr"
0F6133FA-2469-88DC-80A8-F8586C10C75C,lacinia.at@vitaeeratVivamus.com,"99,744Kr","83,257Kr"
8C2F83F5-A511-2EC1-B24D-E0749D23E8D7,tellus.Phasellus.elit@orci.ca,"11,020Kr","49,156Kr"
331D141F-CF71-FDF2-330F-70DACDAB0694,ac.mattis.ornare@venenatis.co.uk,"10,988Kr","06,295Kr"
8235FD00-4A5E-58A5-D622-A06BEC00458C,arcu@Quisqueporttitor.ca,"87,309Kr","05,341Kr"
BD4AA4AE-92B1-FD99-018E-0517DACB5340,tincidunt@interdumSedauctor.ca,"29,697Kr","88,598Kr"
E4CBE974-CB5E-4F92-44AC-A34F653BE60C,arcu@Nullainterdum.com,"72,358Kr","70,611Kr"
0997ED2D-42AF-F2A5-198C-C9C04F94CEED,nec.imperdiet@liberonecligula.ca,"16,196Kr","21,261Kr"
0BA4B487-375B-F925-07FA-6937D19A8958,porta@Suspendissedui.ca,"65,478Kr","39,758Kr"
B5A87430-D892-863C-DB4A-867FCA79B9C7,mauris.a@consequat.com,"81,788Kr","72,852Kr"
C549FB2B-5F24-62A2-60B2-F8757982F56B,Vivamus@nequenon.com,"28,001Kr","18,526Kr"
3AFB37E2-D5E8-0427-B822-020BCFC7BF0F,parturient@Aliquamadipiscinglobortis.ca,"61,573Kr","20,172Kr"
B24821FE-00DB-0898-1AD0-AAFE96E2F1BA,Cum.sociis.natoque@aaliquet.ca,"17,602Kr","07,191Kr"
C2EAC49F-3AAE-FA16-C3CE-6FCAB3695E81,volutpat.nunc.sit@nunc.co.uk,"90,067Kr","22,105Kr"
3A3FD982-814A-8093-5726-FF63DD200093,enim.Mauris.quis@vulputate.ca,"79,011Kr","37,810Kr"
B92E7F17-0213-DE56-6126-D10214A7F53A,urna.Nullam@Suspendissetristiqueneque.net,"66,077Kr","04,456Kr"
E4C150CD-010B-0756-DF43-C4D63D78E93D,mi@vitae.net,"29,795Kr","01,745Kr"
C85F6C85-5C23-C17C-C8E8-AB53E8A0F4EC,sagittis.semper@Aeneaneget.co.uk,"47,076Kr","17,453Kr"
44782F33-F82B-5688-6D0C-EB6B88512E47,et.magna@dapibusrutrum.edu,"22,714Kr","96,536Kr"
5A5E2AF5-84CB-FC1A-F95B-4BB594C5E0F3,orci.luctus@necmollis.ca,"86,801Kr","41,096Kr"
128B7506-60A1-4CE4-E1C4-0FAC4A830F71,mattis.ornare.lectus@utodio.com,"74,310Kr","67,478Kr"
2297D2BD-12F3-2CC7-9C37-6FACB1174957,mi@enim.co.uk,"78,365Kr","94,643Kr"
BF2604D4-D3B9-2A33-5A52-1B24DA1D5630,diam.nunc.ullamcorper@Nunclectuspede.org,"52,082Kr","62,927Kr"
EC4C759D-CCE2-358D-9341-A6CBA939DC9C,ante.Maecenas@metus.edu,"59,852Kr","84,867Kr"
B94538F0-59CE-75FC-8EC8-AFBCAB79052B,Nunc.ac.sem@erat.ca,"94,396Kr","56,900Kr"
A285DFED-5094-8A67-B9C6-9F8F26E324FC,magna.a.neque@variusorciin.net,"8,566Kr","24,918Kr"
D0A07839-D364-B892-8CF9-713D94FA276F,est@dolorFuscemi.net,"30,623Kr","33,684Kr"
6D7F27A4-F147-247C-803F-00286799D333,ipsum@Crasdolor.ca,"87,016Kr","70,315Kr"
2BB93430-8639-17C4-5465-1F7205C2755A,a.dui@Donec.edu,"01,385Kr","56,734Kr"
9A1BB67E-ED38-D3D1-9446-2CD2A16F9182,hymenaeos@parturientmontes.ca,"82,730Kr","17,350Kr"
C3BEDC5D-5758-3F6B-FC1E-FB608B3E4AB0,Nulla@orciadipiscing.co.uk,"10,731Kr","75,053Kr"
3724FD7E-12A2-F12B-563E-21F2F6CDA99E,sagittis.augue.eu@tellus.net,"92,657Kr","99,542Kr"
8DEAC579-F02E-2E03-6B30-8DD4ACCB27AA,iaculis.odio@orciconsectetuer.co.uk,"15,290Kr","05,914Kr"
1416ED39-FB49-0EE2-DBDB-8C8796BCF1F1,lorem@egetmassa.com,"49,304Kr","03,974Kr"
332C9D89-E8A4-9298-E765-BECC55B6C61F,Aliquam.vulputate.ullamcorper@lectusCum.ca,"54,025Kr","56,905Kr"
2BD818ED-F0D9-39C3-D93A-070A5E3A32B6,Aliquam.rutrum@massa.edu,"02,177Kr","35,485Kr"
FAB49FED-1A3F-22E4-FA5D-40E67377A189,arcu@Aeneaneget.edu,"87,279Kr","46,121Kr"
438B6F21-1BBD-E932-667D-DC75F6ECA3EF,Aliquam.fringilla@Morbi.edu,"65,573Kr","21,085Kr"
D22D90A3-483C-0EA7-DBF6-75EDE8AEA5B8,feugiat.Lorem.ipsum@lorem.net,"48,694Kr","37,056Kr"
39A1240C-9B41-8A26-9690-F88627A65539,auctor@dignissimmagnaa.net,"65,184Kr","61,091Kr"
570C9870-ED37-C13E-3EDF-41D3FC8638E9,ut.odio@feugiatnon.org,"49,543Kr","36,879Kr"
33F63CF9-F788-77E0-EAA5-473A64F932C7,at@sagittisDuisgravida.edu,"53,846Kr","16,313Kr"
F976D7F1-AC80-77AF-5E6A-968C35DCD49D,molestie@semperegestas.net,"61,983Kr","05,311Kr"
73537B13-85D6-3E9E-7DBB-C104EFA0D7D4,ullamcorper.magna@eusemPellentesque.net,"19,727Kr","31,214Kr"
F43D4ED1-6A61-DF3A-8908-CCAD2C759B48,eleifend.nec@NuncmaurisMorbi.co.uk,"33,305Kr","67,981Kr"
928754EA-E9F7-A7DE-F15C-02CCEE23B904,pede.ultrices@nequevitaesemper.net,"66,566Kr","73,012Kr"
5AF39264-B797-F58C-0485-EA30B11D4F19,sem@tincidunt.com,"99,493Kr","86,324Kr"
90342526-53FF-4B17-E969-AD21D9917630,lorem.luctus@mattisIntegereu.edu,"11,415Kr","43,713Kr"
B588E296-8D7F-4C80-4810-620148AF6C61,ultrices.posuere@leoelementumsem.org,"30,099Kr","43,442Kr"
B0208DFE-A60C-5BD6-F4F1-298DB0D6AD76,vestibulum.lorem.sit@ametconsectetuer.edu,"78,774Kr","62,608Kr"
1B1CBE36-BBC9-62FE-8315-9079DF9E7B28,enim@nonlorem.com,"79,723Kr","16,460Kr"
9DD6D654-27C9-C1BE-94CD-9471AE257991,metus@semperegestas.com,"75,332Kr","31,839Kr"
056B390B-29C9-04DD-06E5-B761D52720B2,natoque@vulputaterisusa.com,"72,557Kr","82,043Kr"
C38A9B1B-BDD1-FBBA-A083-20C954019D86,faucibus.orci@risus.org,"83,949Kr","24,829Kr"
83928D2A-6F2D-03DA-F0E7-011FF7A8DD46,Proin.sed@loremsemper.net,"80,071Kr","79,516Kr"
51D587D6-42C5-04EB-F2DA-8D61AB970955,tempor.erat@dolor.co.uk,"55,861Kr","85,467Kr"
0CEB8738-18EC-B905-2A3D-177DAE8F2FD3,Cum.sociis.natoque@sollicitudin.co.uk,"10,950Kr","99,784Kr"